Comment,Designator,Footprint,LCSC Part #,Manufacturer,Manufacturer Part #,Qty
"16:1 analog multiplexer","U1,U2,U3,U4,U5,U6,U7,U8,U9,U10,U11,U12,U13,U14,U15,U16","SOIC-24_7.5x15.4mm_P1.27mm","C496123","Texas Instruments","CD74HC4067M96","16"
"Quad RRIO buffer","U17,U18,U19,U20","TSSOP-14_4.4x5mm_P0.65mm","C779410","Texas Instruments","TLV9064IPWR","4"
"8ch 24-bit delta-sigma ADC","U21","TQFP-32_5x5mm_P0.5mm","C2862610","Texas Instruments","ADS131M08IPBSR","1"
"Quad DRL/VCM op amp","U22","TSSOP-14_4.4x5mm_P0.65mm","C529553","Texas Instruments","OPA4171AIPWR","1"
"Microcontroller","U23","QFN-56_7x7mm_P0.4mm","C2040","Raspberry Pi","RP2040","1"
"Analog 3V3 LDO","U24","SOT-23-5","C2862740","Texas Instruments","TPS7A2033PDBVR","1"
"Digital 3V3 LDO","U25","SOT-23-5","C51118","Diodes Incorporated","AP2112K-3.3TRG1","1"
"16Mbit QSPI flash","U26","SOIC-8_5.3x5.3mm_P1.27mm","C82317","Winbond","W25Q16JVSSIQ","1"
"8.192MHz CMOS ADC clock","U27","SMD3225-4P","C7425393","YXC Crystal Oscillators","OT2JI-111-8.192M","1"
"32-pin 0.5mm FPC electrode bank","J1,J2,J3,J4,J5,J6,J7,J8","FPC_32P_P0.5mm_RA","C2919488","HDGC","0.5K-QX-32PWB","8"
"USB-C 16-pin receptacle","J9","USB-C-16P_RA","C165948","Korean Hroparts Elec","TYPE-C-31-M-12","1"
"CMS1/CMS2/DRL/SHIELD connector","J10","JST_PH_4P_RA_2.0mm","C265102","JST","S4B-PH-SM4-TB(LF)(SN)","1"
"Isolated 5V battery/data-domain input","J11","JST_PH_2P_RA_2.0mm","C295747","JST","S2B-PH-SM4-TB(LF)(SN)","1"
"12MHz RP2040 crystal","Y1","Crystal_SMD_3225-4Pin","C9002","YXC","X322512MSB4SI","1"
"10Mohm electrode bias","R1,R2,R3,R4,R5,R6,R7,R8,R9,R10,R11,R12,R13,R14,R15,R16,R17,R18,R19,R20,R21,R22,R23,R24,R25,R26,R27,R28,R29,R30,R31,R32,R33,R34,R35,R36,R37,R38,R39,R40,R41,R42,R43,R44,R45,R46,R47,R48,R49,R50,R51,R52,R53,R54,R55,R56,R57,R58,R59,R60,R61,R62,R63,R64,R65,R66,R67,R68,R69,R70,R71,R72,R73,R74,R75,R76,R77,R78,R79,R80,R81,R82,R83,R84,R85,R86,R87,R88,R89,R90,R91,R92,R93,R94,R95,R96,R97,R98,R99,R100,R101,R102,R103,R104,R105,R106,R107,R108,R109,R110,R111,R112,R113,R114,R115,R116,R117,R118,R119,R120,R121,R122,R123,R124,R125,R126,R127,R128,R129,R130,R131,R132,R133,R134,R135,R136,R137,R138,R139,R140,R141,R142,R143,R144,R145,R146,R147,R148,R149,R150,R151,R152,R153,R154,R155,R156,R157,R158,R159,R160,R161,R162,R163,R164,R165,R166,R167,R168,R169,R170,R171,R172,R173,R174,R175,R176,R177,R178,R179,R180,R181,R182,R183,R184,R185,R186,R187,R188,R189,R190,R191,R192,R193,R194,R195,R196,R197,R198,R199,R200,R201,R202,R203,R204,R205,R206,R207,R208,R209,R210,R211,R212,R213,R214,R215,R216,R217,R218,R219,R220,R221,R222,R223,R224,R225,R226,R227,R228,R229,R230,R231,R232,R233,R234,R235,R236,R237,R238,R239,R240,R241,R242,R243,R244,R245,R246,R247,R248,R249,R250,R251,R252,R253,R254,R255,R256","R_0603_1608Metric","C2092526","Vishay","RCS060310M0FKEA","256"
"100kohm electrode series protection","R257,R258,R259,R260,R261,R262,R263,R264,R265,R266,R267,R268,R269,R270,R271,R272,R273,R274,R275,R276,R277,R278,R279,R280,R281,R282,R283,R284,R285,R286,R287,R288,R289,R290,R291,R292,R293,R294,R295,R296,R297,R298,R299,R300,R301,R302,R303,R304,R305,R306,R307,R308,R309,R310,R311,R312,R313,R314,R315,R316,R317,R318,R319,R320,R321,R322,R323,R324,R325,R326,R327,R328,R329,R330,R331,R332,R333,R334,R335,R336,R337,R338,R339,R340,R341,R342,R343,R344,R345,R346,R347,R348,R349,R350,R351,R352,R353,R354,R355,R356,R357,R358,R359,R360,R361,R362,R363,R364,R365,R366,R367,R368,R369,R370,R371,R372,R373,R374,R375,R376,R377,R378,R379,R380,R381,R382,R383,R384,R385,R386,R387,R388,R389,R390,R391,R392,R393,R394,R395,R396,R397,R398,R399,R400,R401,R402,R403,R404,R405,R406,R407,R408,R409,R410,R411,R412,R413,R414,R415,R416,R417,R418,R419,R420,R421,R422,R423,R424,R425,R426,R427,R428,R429,R430,R431,R432,R433,R434,R435,R436,R437,R438,R439,R440,R441,R442,R443,R444,R445,R446,R447,R448,R449,R450,R451,R452,R453,R454,R455,R456,R457,R458,R459,R460,R461,R462,R463,R464,R465,R466,R467,R468,R469,R470,R471,R472,R473,R474,R475,R476,R477,R478,R479,R480,R481,R482,R483,R484,R485,R486,R487,R488,R489,R490,R491,R492,R493,R494,R495,R496,R497,R498,R499,R500,R501,R502,R503,R504,R505,R506,R507,R508,R509,R510,R511,R512","R_0603_1608Metric","C2989131","UNI-ROYAL","TC0325F1003T5F","256"
"100ohm ADC input isolation","R513,R514,R515,R516,R517,R518,R519,R520,R521,R522,R523,R524,R525,R526,R527,R528","R_0603_1608Metric","C22775","UNI-ROYAL","0603WAF1000T5E","16"
"10kohm VCM/CMS network","R529,R530,R531,R532","R_0603_1608Metric","C25804","UNI-ROYAL","0603WAF1002T5E","4"
"27ohm USB series","R533,R534","R_0603_1608Metric","C137753","Yageo","RC0603FR-0727RL","2"
"1Mohm DRL patient-current limit","R535,R536","R_0603_1608Metric","C105578","Yageo","RC0603FR-071ML","2"
"470kohm DRL feedback","R537","R_0603_1608Metric","C114622","Yageo","RC0603FR-07470KL","1"
"1uF supply decoupling","C1,C2,C3,C4,C5,C6,C7,C8,C9,C10,C11,C12,C13,C14,C15,C16,C17,C18,C19,C20","C_0603_1608Metric","C15849","Samsung Electro-Mechanics","CL10A105KB8NNNC","20"
"100nF local decoupling","C21,C22,C23,C24,C25,C26,C27,C28,C29,C30,C31,C32,C33,C34,C35,C36,C37,C38,C39,C40,C41,C42,C43,C44,C45,C46,C47,C48,C49,C50,C51,C52,C53,C54,C55,C56,C57,C58,C59,C60","C_0603_1608Metric","C14663","Yageo","CC0603KRX7R9BB104","40"
"220nF ADS131M08 CAP bypass","C61","C_0603_1608Metric","C3894271","Samsung Electro-Mechanics","CL10B224KO8SFNC","1"
"10nF DRL compensation","C62","C_0603_1608Metric","C57112","FH","0603B103K500NT","1"
"15pF RP2040 crystal load","C63,C64","C_0603_1608Metric","C346207","Samsung Electro-Mechanics","CL10C150JB81PNC","2"
