Designator,Mid X,Mid Y,Layer,Rotation
J1,17.50mm,7.60mm,Top,0
U1,17.50mm,40.50mm,Top,90
U2,17.50mm,53.50mm,Top,90
J2,40.50mm,7.60mm,Top,0
U3,40.50mm,40.50mm,Top,90
U4,40.50mm,53.50mm,Top,90
J3,63.50mm,7.60mm,Top,0
U5,63.50mm,40.50mm,Top,90
U6,63.50mm,53.50mm,Top,90
J4,86.50mm,7.60mm,Top,0
U7,86.50mm,40.50mm,Top,90
U8,86.50mm,53.50mm,Top,90
J5,109.50mm,7.60mm,Top,0
U9,109.50mm,40.50mm,Top,90
U10,109.50mm,53.50mm,Top,90
J6,132.50mm,7.60mm,Top,0
U11,132.50mm,40.50mm,Top,90
U12,132.50mm,53.50mm,Top,90
J7,155.50mm,7.60mm,Top,0
U13,155.50mm,40.50mm,Top,90
U14,155.50mm,53.50mm,Top,90
J8,178.50mm,7.60mm,Top,0
U15,178.50mm,40.50mm,Top,90
U16,178.50mm,53.50mm,Top,90
U17,62.00mm,64.50mm,Top,0
U18,80.00mm,64.50mm,Top,0
U19,98.00mm,64.50mm,Top,0
U20,116.00mm,64.50mm,Top,0
U21,137.00mm,64.50mm,Top,0
U22,142.00mm,82.00mm,Top,0
U23,168.00mm,77.00mm,Top,0
U24,153.00mm,108.00mm,Top,0
U25,163.00mm,108.00mm,Top,0
U26,177.00mm,88.00mm,Top,0
U27,137.00mm,76.50mm,Top,0
J9,185.00mm,77.00mm,Top,90
J10,188.00mm,99.00mm,Top,0
J11,188.00mm,107.00mm,Top,0
Y1,168.00mm,67.00mm,Top,0
R1,10.55mm,31.20mm,Top,0
R2,16.05mm,31.20mm,Top,0
R3,10.55mm,28.60mm,Top,0
R4,16.05mm,28.60mm,Top,0
R5,10.55mm,26.00mm,Top,0
R6,16.05mm,26.00mm,Top,0
R7,10.55mm,23.40mm,Top,0
R8,16.05mm,23.40mm,Top,0
R9,10.55mm,20.80mm,Top,0
R10,16.05mm,20.80mm,Top,0
R11,10.55mm,18.20mm,Top,0
R12,16.05mm,18.20mm,Top,0
R13,10.55mm,15.60mm,Top,0
R14,16.05mm,15.60mm,Top,0
R15,10.55mm,13.00mm,Top,0
R16,16.05mm,13.00mm,Top,0
R17,21.05mm,13.00mm,Top,0
R18,26.55mm,13.00mm,Top,0
R19,21.05mm,15.60mm,Top,0
R20,26.55mm,15.60mm,Top,0
R21,21.05mm,18.20mm,Top,0
R22,26.55mm,18.20mm,Top,0
R23,21.05mm,20.80mm,Top,0
R24,26.55mm,20.80mm,Top,0
R25,21.05mm,23.40mm,Top,0
R26,26.55mm,23.40mm,Top,0
R27,21.05mm,26.00mm,Top,0
R28,26.55mm,26.00mm,Top,0
R29,21.05mm,28.60mm,Top,0
R30,26.55mm,28.60mm,Top,0
R31,21.05mm,31.20mm,Top,0
R32,26.55mm,31.20mm,Top,0
R33,33.55mm,31.20mm,Top,0
R34,39.05mm,31.20mm,Top,0
R35,33.55mm,28.60mm,Top,0
R36,39.05mm,28.60mm,Top,0
R37,33.55mm,26.00mm,Top,0
R38,39.05mm,26.00mm,Top,0
R39,33.55mm,23.40mm,Top,0
R40,39.05mm,23.40mm,Top,0
R41,33.55mm,20.80mm,Top,0
R42,39.05mm,20.80mm,Top,0
R43,33.55mm,18.20mm,Top,0
R44,39.05mm,18.20mm,Top,0
R45,33.55mm,15.60mm,Top,0
R46,39.05mm,15.60mm,Top,0
R47,33.55mm,13.00mm,Top,0
R48,39.05mm,13.00mm,Top,0
R49,44.05mm,13.00mm,Top,0
R50,49.55mm,13.00mm,Top,0
R51,44.05mm,15.60mm,Top,0
R52,49.55mm,15.60mm,Top,0
R53,44.05mm,18.20mm,Top,0
R54,49.55mm,18.20mm,Top,0
R55,44.05mm,20.80mm,Top,0
R56,49.55mm,20.80mm,Top,0
R57,44.05mm,23.40mm,Top,0
R58,49.55mm,23.40mm,Top,0
R59,44.05mm,26.00mm,Top,0
R60,49.55mm,26.00mm,Top,0
R61,44.05mm,28.60mm,Top,0
R62,49.55mm,28.60mm,Top,0
R63,44.05mm,31.20mm,Top,0
R64,49.55mm,31.20mm,Top,0
R65,56.55mm,31.20mm,Top,0
R66,62.05mm,31.20mm,Top,0
R67,56.55mm,28.60mm,Top,0
R68,62.05mm,28.60mm,Top,0
R69,56.55mm,26.00mm,Top,0
R70,62.05mm,26.00mm,Top,0
R71,56.55mm,23.40mm,Top,0
R72,62.05mm,23.40mm,Top,0
R73,56.55mm,20.80mm,Top,0
R74,62.05mm,20.80mm,Top,0
R75,56.55mm,18.20mm,Top,0
R76,62.05mm,18.20mm,Top,0
R77,56.55mm,15.60mm,Top,0
R78,62.05mm,15.60mm,Top,0
R79,56.55mm,13.00mm,Top,0
R80,62.05mm,13.00mm,Top,0
R81,67.05mm,13.00mm,Top,0
R82,72.55mm,13.00mm,Top,0
R83,67.05mm,15.60mm,Top,0
R84,72.55mm,15.60mm,Top,0
R85,67.05mm,18.20mm,Top,0
R86,72.55mm,18.20mm,Top,0
R87,67.05mm,20.80mm,Top,0
R88,72.55mm,20.80mm,Top,0
R89,67.05mm,23.40mm,Top,0
R90,72.55mm,23.40mm,Top,0
R91,67.05mm,26.00mm,Top,0
R92,72.55mm,26.00mm,Top,0
R93,67.05mm,28.60mm,Top,0
R94,72.55mm,28.60mm,Top,0
R95,67.05mm,31.20mm,Top,0
R96,72.55mm,31.20mm,Top,0
R97,79.55mm,31.20mm,Top,0
R98,85.05mm,31.20mm,Top,0
R99,79.55mm,28.60mm,Top,0
R100,85.05mm,28.60mm,Top,0
R101,79.55mm,26.00mm,Top,0
R102,85.05mm,26.00mm,Top,0
R103,79.55mm,23.40mm,Top,0
R104,85.05mm,23.40mm,Top,0
R105,79.55mm,20.80mm,Top,0
R106,85.05mm,20.80mm,Top,0
R107,79.55mm,18.20mm,Top,0
R108,85.05mm,18.20mm,Top,0
R109,79.55mm,15.60mm,Top,0
R110,85.05mm,15.60mm,Top,0
R111,79.55mm,13.00mm,Top,0
R112,85.05mm,13.00mm,Top,0
R113,90.05mm,13.00mm,Top,0
R114,95.55mm,13.00mm,Top,0
R115,90.05mm,15.60mm,Top,0
R116,95.55mm,15.60mm,Top,0
R117,90.05mm,18.20mm,Top,0
R118,95.55mm,18.20mm,Top,0
R119,90.05mm,20.80mm,Top,0
R120,95.55mm,20.80mm,Top,0
R121,90.05mm,23.40mm,Top,0
R122,95.55mm,23.40mm,Top,0
R123,90.05mm,26.00mm,Top,0
R124,95.55mm,26.00mm,Top,0
R125,90.05mm,28.60mm,Top,0
R126,95.55mm,28.60mm,Top,0
R127,90.05mm,31.20mm,Top,0
R128,95.55mm,31.20mm,Top,0
R129,102.55mm,31.20mm,Top,0
R130,108.05mm,31.20mm,Top,0
R131,102.55mm,28.60mm,Top,0
R132,108.05mm,28.60mm,Top,0
R133,102.55mm,26.00mm,Top,0
R134,108.05mm,26.00mm,Top,0
R135,102.55mm,23.40mm,Top,0
R136,108.05mm,23.40mm,Top,0
R137,102.55mm,20.80mm,Top,0
R138,108.05mm,20.80mm,Top,0
R139,102.55mm,18.20mm,Top,0
R140,108.05mm,18.20mm,Top,0
R141,102.55mm,15.60mm,Top,0
R142,108.05mm,15.60mm,Top,0
R143,102.55mm,13.00mm,Top,0
R144,108.05mm,13.00mm,Top,0
R145,113.05mm,13.00mm,Top,0
R146,118.55mm,13.00mm,Top,0
R147,113.05mm,15.60mm,Top,0
R148,118.55mm,15.60mm,Top,0
R149,113.05mm,18.20mm,Top,0
R150,118.55mm,18.20mm,Top,0
R151,113.05mm,20.80mm,Top,0
R152,118.55mm,20.80mm,Top,0
R153,113.05mm,23.40mm,Top,0
R154,118.55mm,23.40mm,Top,0
R155,113.05mm,26.00mm,Top,0
R156,118.55mm,26.00mm,Top,0
R157,113.05mm,28.60mm,Top,0
R158,118.55mm,28.60mm,Top,0
R159,113.05mm,31.20mm,Top,0
R160,118.55mm,31.20mm,Top,0
R161,125.55mm,31.20mm,Top,0
R162,131.05mm,31.20mm,Top,0
R163,125.55mm,28.60mm,Top,0
R164,131.05mm,28.60mm,Top,0
R165,125.55mm,26.00mm,Top,0
R166,131.05mm,26.00mm,Top,0
R167,125.55mm,23.40mm,Top,0
R168,131.05mm,23.40mm,Top,0
R169,125.55mm,20.80mm,Top,0
R170,131.05mm,20.80mm,Top,0
R171,125.55mm,18.20mm,Top,0
R172,131.05mm,18.20mm,Top,0
R173,125.55mm,15.60mm,Top,0
R174,131.05mm,15.60mm,Top,0
R175,125.55mm,13.00mm,Top,0
R176,131.05mm,13.00mm,Top,0
R177,136.05mm,13.00mm,Top,0
R178,141.55mm,13.00mm,Top,0
R179,136.05mm,15.60mm,Top,0
R180,141.55mm,15.60mm,Top,0
R181,136.05mm,18.20mm,Top,0
R182,141.55mm,18.20mm,Top,0
R183,136.05mm,20.80mm,Top,0
R184,141.55mm,20.80mm,Top,0
R185,136.05mm,23.40mm,Top,0
R186,141.55mm,23.40mm,Top,0
R187,136.05mm,26.00mm,Top,0
R188,141.55mm,26.00mm,Top,0
R189,136.05mm,28.60mm,Top,0
R190,141.55mm,28.60mm,Top,0
R191,136.05mm,31.20mm,Top,0
R192,141.55mm,31.20mm,Top,0
R193,148.55mm,31.20mm,Top,0
R194,154.05mm,31.20mm,Top,0
R195,148.55mm,28.60mm,Top,0
R196,154.05mm,28.60mm,Top,0
R197,148.55mm,26.00mm,Top,0
R198,154.05mm,26.00mm,Top,0
R199,148.55mm,23.40mm,Top,0
R200,154.05mm,23.40mm,Top,0
R201,148.55mm,20.80mm,Top,0
R202,154.05mm,20.80mm,Top,0
R203,148.55mm,18.20mm,Top,0
R204,154.05mm,18.20mm,Top,0
R205,148.55mm,15.60mm,Top,0
R206,154.05mm,15.60mm,Top,0
R207,148.55mm,13.00mm,Top,0
R208,154.05mm,13.00mm,Top,0
R209,159.05mm,13.00mm,Top,0
R210,164.55mm,13.00mm,Top,0
R211,159.05mm,15.60mm,Top,0
R212,164.55mm,15.60mm,Top,0
R213,159.05mm,18.20mm,Top,0
R214,164.55mm,18.20mm,Top,0
R215,159.05mm,20.80mm,Top,0
R216,164.55mm,20.80mm,Top,0
R217,159.05mm,23.40mm,Top,0
R218,164.55mm,23.40mm,Top,0
R219,159.05mm,26.00mm,Top,0
R220,164.55mm,26.00mm,Top,0
R221,159.05mm,28.60mm,Top,0
R222,164.55mm,28.60mm,Top,0
R223,159.05mm,31.20mm,Top,0
R224,164.55mm,31.20mm,Top,0
R225,171.55mm,31.20mm,Top,0
R226,177.05mm,31.20mm,Top,0
R227,171.55mm,28.60mm,Top,0
R228,177.05mm,28.60mm,Top,0
R229,171.55mm,26.00mm,Top,0
R230,177.05mm,26.00mm,Top,0
R231,171.55mm,23.40mm,Top,0
R232,177.05mm,23.40mm,Top,0
R233,171.55mm,20.80mm,Top,0
R234,177.05mm,20.80mm,Top,0
R235,171.55mm,18.20mm,Top,0
R236,177.05mm,18.20mm,Top,0
R237,171.55mm,15.60mm,Top,0
R238,177.05mm,15.60mm,Top,0
R239,171.55mm,13.00mm,Top,0
R240,177.05mm,13.00mm,Top,0
R241,182.05mm,13.00mm,Top,0
R242,187.55mm,13.00mm,Top,0
R243,182.05mm,15.60mm,Top,0
R244,187.55mm,15.60mm,Top,0
R245,182.05mm,18.20mm,Top,0
R246,187.55mm,18.20mm,Top,0
R247,182.05mm,20.80mm,Top,0
R248,187.55mm,20.80mm,Top,0
R249,182.05mm,23.40mm,Top,0
R250,187.55mm,23.40mm,Top,0
R251,182.05mm,26.00mm,Top,0
R252,187.55mm,26.00mm,Top,0
R253,182.05mm,28.60mm,Top,0
R254,187.55mm,28.60mm,Top,0
R255,182.05mm,31.20mm,Top,0
R256,187.55mm,31.20mm,Top,0
R257,8.45mm,31.20mm,Top,0
R258,13.95mm,31.20mm,Top,0
R259,8.45mm,28.60mm,Top,0
R260,13.95mm,28.60mm,Top,0
R261,8.45mm,26.00mm,Top,0
R262,13.95mm,26.00mm,Top,0
R263,8.45mm,23.40mm,Top,0
R264,13.95mm,23.40mm,Top,0
R265,8.45mm,20.80mm,Top,0
R266,13.95mm,20.80mm,Top,0
R267,8.45mm,18.20mm,Top,0
R268,13.95mm,18.20mm,Top,0
R269,8.45mm,15.60mm,Top,0
R270,13.95mm,15.60mm,Top,0
R271,8.45mm,13.00mm,Top,0
R272,13.95mm,13.00mm,Top,0
R273,18.95mm,13.00mm,Top,0
R274,24.45mm,13.00mm,Top,0
R275,18.95mm,15.60mm,Top,0
R276,24.45mm,15.60mm,Top,0
R277,18.95mm,18.20mm,Top,0
R278,24.45mm,18.20mm,Top,0
R279,18.95mm,20.80mm,Top,0
R280,24.45mm,20.80mm,Top,0
R281,18.95mm,23.40mm,Top,0
R282,24.45mm,23.40mm,Top,0
R283,18.95mm,26.00mm,Top,0
R284,24.45mm,26.00mm,Top,0
R285,18.95mm,28.60mm,Top,0
R286,24.45mm,28.60mm,Top,0
R287,18.95mm,31.20mm,Top,0
R288,24.45mm,31.20mm,Top,0
R289,31.45mm,31.20mm,Top,0
R290,36.95mm,31.20mm,Top,0
R291,31.45mm,28.60mm,Top,0
R292,36.95mm,28.60mm,Top,0
R293,31.45mm,26.00mm,Top,0
R294,36.95mm,26.00mm,Top,0
R295,31.45mm,23.40mm,Top,0
R296,36.95mm,23.40mm,Top,0
R297,31.45mm,20.80mm,Top,0
R298,36.95mm,20.80mm,Top,0
R299,31.45mm,18.20mm,Top,0
R300,36.95mm,18.20mm,Top,0
R301,31.45mm,15.60mm,Top,0
R302,36.95mm,15.60mm,Top,0
R303,31.45mm,13.00mm,Top,0
R304,36.95mm,13.00mm,Top,0
R305,41.95mm,13.00mm,Top,0
R306,47.45mm,13.00mm,Top,0
R307,41.95mm,15.60mm,Top,0
R308,47.45mm,15.60mm,Top,0
R309,41.95mm,18.20mm,Top,0
R310,47.45mm,18.20mm,Top,0
R311,41.95mm,20.80mm,Top,0
R312,47.45mm,20.80mm,Top,0
R313,41.95mm,23.40mm,Top,0
R314,47.45mm,23.40mm,Top,0
R315,41.95mm,26.00mm,Top,0
R316,47.45mm,26.00mm,Top,0
R317,41.95mm,28.60mm,Top,0
R318,47.45mm,28.60mm,Top,0
R319,41.95mm,31.20mm,Top,0
R320,47.45mm,31.20mm,Top,0
R321,54.45mm,31.20mm,Top,0
R322,59.95mm,31.20mm,Top,0
R323,54.45mm,28.60mm,Top,0
R324,59.95mm,28.60mm,Top,0
R325,54.45mm,26.00mm,Top,0
R326,59.95mm,26.00mm,Top,0
R327,54.45mm,23.40mm,Top,0
R328,59.95mm,23.40mm,Top,0
R329,54.45mm,20.80mm,Top,0
R330,59.95mm,20.80mm,Top,0
R331,54.45mm,18.20mm,Top,0
R332,59.95mm,18.20mm,Top,0
R333,54.45mm,15.60mm,Top,0
R334,59.95mm,15.60mm,Top,0
R335,54.45mm,13.00mm,Top,0
R336,59.95mm,13.00mm,Top,0
R337,64.95mm,13.00mm,Top,0
R338,70.45mm,13.00mm,Top,0
R339,64.95mm,15.60mm,Top,0
R340,70.45mm,15.60mm,Top,0
R341,64.95mm,18.20mm,Top,0
R342,70.45mm,18.20mm,Top,0
R343,64.95mm,20.80mm,Top,0
R344,70.45mm,20.80mm,Top,0
R345,64.95mm,23.40mm,Top,0
R346,70.45mm,23.40mm,Top,0
R347,64.95mm,26.00mm,Top,0
R348,70.45mm,26.00mm,Top,0
R349,64.95mm,28.60mm,Top,0
R350,70.45mm,28.60mm,Top,0
R351,64.95mm,31.20mm,Top,0
R352,70.45mm,31.20mm,Top,0
R353,77.45mm,31.20mm,Top,0
R354,82.95mm,31.20mm,Top,0
R355,77.45mm,28.60mm,Top,0
R356,82.95mm,28.60mm,Top,0
R357,77.45mm,26.00mm,Top,0
R358,82.95mm,26.00mm,Top,0
R359,77.45mm,23.40mm,Top,0
R360,82.95mm,23.40mm,Top,0
R361,77.45mm,20.80mm,Top,0
R362,82.95mm,20.80mm,Top,0
R363,77.45mm,18.20mm,Top,0
R364,82.95mm,18.20mm,Top,0
R365,77.45mm,15.60mm,Top,0
R366,82.95mm,15.60mm,Top,0
R367,77.45mm,13.00mm,Top,0
R368,82.95mm,13.00mm,Top,0
R369,87.95mm,13.00mm,Top,0
R370,93.45mm,13.00mm,Top,0
R371,87.95mm,15.60mm,Top,0
R372,93.45mm,15.60mm,Top,0
R373,87.95mm,18.20mm,Top,0
R374,93.45mm,18.20mm,Top,0
R375,87.95mm,20.80mm,Top,0
R376,93.45mm,20.80mm,Top,0
R377,87.95mm,23.40mm,Top,0
R378,93.45mm,23.40mm,Top,0
R379,87.95mm,26.00mm,Top,0
R380,93.45mm,26.00mm,Top,0
R381,87.95mm,28.60mm,Top,0
R382,93.45mm,28.60mm,Top,0
R383,87.95mm,31.20mm,Top,0
R384,93.45mm,31.20mm,Top,0
R385,100.45mm,31.20mm,Top,0
R386,105.95mm,31.20mm,Top,0
R387,100.45mm,28.60mm,Top,0
R388,105.95mm,28.60mm,Top,0
R389,100.45mm,26.00mm,Top,0
R390,105.95mm,26.00mm,Top,0
R391,100.45mm,23.40mm,Top,0
R392,105.95mm,23.40mm,Top,0
R393,100.45mm,20.80mm,Top,0
R394,105.95mm,20.80mm,Top,0
R395,100.45mm,18.20mm,Top,0
R396,105.95mm,18.20mm,Top,0
R397,100.45mm,15.60mm,Top,0
R398,105.95mm,15.60mm,Top,0
R399,100.45mm,13.00mm,Top,0
R400,105.95mm,13.00mm,Top,0
R401,110.95mm,13.00mm,Top,0
R402,116.45mm,13.00mm,Top,0
R403,110.95mm,15.60mm,Top,0
R404,116.45mm,15.60mm,Top,0
R405,110.95mm,18.20mm,Top,0
R406,116.45mm,18.20mm,Top,0
R407,110.95mm,20.80mm,Top,0
R408,116.45mm,20.80mm,Top,0
R409,110.95mm,23.40mm,Top,0
R410,116.45mm,23.40mm,Top,0
R411,110.95mm,26.00mm,Top,0
R412,116.45mm,26.00mm,Top,0
R413,110.95mm,28.60mm,Top,0
R414,116.45mm,28.60mm,Top,0
R415,110.95mm,31.20mm,Top,0
R416,116.45mm,31.20mm,Top,0
R417,123.45mm,31.20mm,Top,0
R418,128.95mm,31.20mm,Top,0
R419,123.45mm,28.60mm,Top,0
R420,128.95mm,28.60mm,Top,0
R421,123.45mm,26.00mm,Top,0
R422,128.95mm,26.00mm,Top,0
R423,123.45mm,23.40mm,Top,0
R424,128.95mm,23.40mm,Top,0
R425,123.45mm,20.80mm,Top,0
R426,128.95mm,20.80mm,Top,0
R427,123.45mm,18.20mm,Top,0
R428,128.95mm,18.20mm,Top,0
R429,123.45mm,15.60mm,Top,0
R430,128.95mm,15.60mm,Top,0
R431,123.45mm,13.00mm,Top,0
R432,128.95mm,13.00mm,Top,0
R433,133.95mm,13.00mm,Top,0
R434,139.45mm,13.00mm,Top,0
R435,133.95mm,15.60mm,Top,0
R436,139.45mm,15.60mm,Top,0
R437,133.95mm,18.20mm,Top,0
R438,139.45mm,18.20mm,Top,0
R439,133.95mm,20.80mm,Top,0
R440,139.45mm,20.80mm,Top,0
R441,133.95mm,23.40mm,Top,0
R442,139.45mm,23.40mm,Top,0
R443,133.95mm,26.00mm,Top,0
R444,139.45mm,26.00mm,Top,0
R445,133.95mm,28.60mm,Top,0
R446,139.45mm,28.60mm,Top,0
R447,133.95mm,31.20mm,Top,0
R448,139.45mm,31.20mm,Top,0
R449,146.45mm,31.20mm,Top,0
R450,151.95mm,31.20mm,Top,0
R451,146.45mm,28.60mm,Top,0
R452,151.95mm,28.60mm,Top,0
R453,146.45mm,26.00mm,Top,0
R454,151.95mm,26.00mm,Top,0
R455,146.45mm,23.40mm,Top,0
R456,151.95mm,23.40mm,Top,0
R457,146.45mm,20.80mm,Top,0
R458,151.95mm,20.80mm,Top,0
R459,146.45mm,18.20mm,Top,0
R460,151.95mm,18.20mm,Top,0
R461,146.45mm,15.60mm,Top,0
R462,151.95mm,15.60mm,Top,0
R463,146.45mm,13.00mm,Top,0
R464,151.95mm,13.00mm,Top,0
R465,156.95mm,13.00mm,Top,0
R466,162.45mm,13.00mm,Top,0
R467,156.95mm,15.60mm,Top,0
R468,162.45mm,15.60mm,Top,0
R469,156.95mm,18.20mm,Top,0
R470,162.45mm,18.20mm,Top,0
R471,156.95mm,20.80mm,Top,0
R472,162.45mm,20.80mm,Top,0
R473,156.95mm,23.40mm,Top,0
R474,162.45mm,23.40mm,Top,0
R475,156.95mm,26.00mm,Top,0
R476,162.45mm,26.00mm,Top,0
R477,156.95mm,28.60mm,Top,0
R478,162.45mm,28.60mm,Top,0
R479,156.95mm,31.20mm,Top,0
R480,162.45mm,31.20mm,Top,0
R481,169.45mm,31.20mm,Top,0
R482,174.95mm,31.20mm,Top,0
R483,169.45mm,28.60mm,Top,0
R484,174.95mm,28.60mm,Top,0
R485,169.45mm,26.00mm,Top,0
R486,174.95mm,26.00mm,Top,0
R487,169.45mm,23.40mm,Top,0
R488,174.95mm,23.40mm,Top,0
R489,169.45mm,20.80mm,Top,0
R490,174.95mm,20.80mm,Top,0
R491,169.45mm,18.20mm,Top,0
R492,174.95mm,18.20mm,Top,0
R493,169.45mm,15.60mm,Top,0
R494,174.95mm,15.60mm,Top,0
R495,169.45mm,13.00mm,Top,0
R496,174.95mm,13.00mm,Top,0
R497,179.95mm,13.00mm,Top,0
R498,185.45mm,13.00mm,Top,0
R499,179.95mm,15.60mm,Top,0
R500,185.45mm,15.60mm,Top,0
R501,179.95mm,18.20mm,Top,0
R502,185.45mm,18.20mm,Top,0
R503,179.95mm,20.80mm,Top,0
R504,185.45mm,20.80mm,Top,0
R505,179.95mm,23.40mm,Top,0
R506,185.45mm,23.40mm,Top,0
R507,179.95mm,26.00mm,Top,0
R508,185.45mm,26.00mm,Top,0
R509,179.95mm,28.60mm,Top,0
R510,185.45mm,28.60mm,Top,0
R511,179.95mm,31.20mm,Top,0
R512,185.45mm,31.20mm,Top,0
R513,112.00mm,72.00mm,Top,90
R514,115.20mm,72.00mm,Top,90
R515,118.40mm,72.00mm,Top,90
R516,121.60mm,72.00mm,Top,90
R517,124.80mm,72.00mm,Top,90
R518,128.00mm,72.00mm,Top,90
R519,131.20mm,72.00mm,Top,90
R520,134.40mm,72.00mm,Top,90
R521,112.00mm,75.20mm,Top,90
R522,115.20mm,75.20mm,Top,90
R523,118.40mm,75.20mm,Top,90
R524,121.60mm,75.20mm,Top,90
R525,124.80mm,75.20mm,Top,90
R526,128.00mm,75.20mm,Top,90
R527,131.20mm,75.20mm,Top,90
R528,134.40mm,75.20mm,Top,90
R529,135.00mm,88.00mm,Top,0
R530,138.00mm,88.00mm,Top,0
R531,141.00mm,88.00mm,Top,0
R532,144.00mm,88.00mm,Top,0
R533,148.00mm,88.00mm,Top,0
R534,151.00mm,88.00mm,Top,0
R535,154.00mm,84.00mm,Top,90
R536,157.00mm,84.00mm,Top,90
R537,148.00mm,82.00mm,Top,0
C1,27.10mm,44.80mm,Top,0
C2,27.10mm,57.80mm,Top,0
C3,50.10mm,44.80mm,Top,0
C4,50.10mm,57.80mm,Top,0
C5,73.10mm,44.80mm,Top,0
C6,73.10mm,57.80mm,Top,0
C7,96.10mm,44.80mm,Top,0
C8,96.10mm,57.80mm,Top,0
C9,119.10mm,44.80mm,Top,0
C10,119.10mm,57.80mm,Top,0
C11,142.10mm,44.80mm,Top,0
C12,142.10mm,57.80mm,Top,0
C13,165.10mm,44.80mm,Top,0
C14,165.10mm,57.80mm,Top,0
C15,188.10mm,44.80mm,Top,0
C16,188.10mm,57.80mm,Top,0
C17,149.50mm,108.00mm,Top,0
C18,156.50mm,108.00mm,Top,0
C19,159.50mm,108.00mm,Top,0
C20,166.50mm,108.00mm,Top,0
C21,27.10mm,47.00mm,Top,0
C22,27.10mm,60.00mm,Top,0
C23,50.10mm,47.00mm,Top,0
C24,50.10mm,60.00mm,Top,0
C25,73.10mm,47.00mm,Top,0
C26,73.10mm,60.00mm,Top,0
C27,96.10mm,47.00mm,Top,0
C28,96.10mm,60.00mm,Top,0
C29,119.10mm,47.00mm,Top,0
C30,119.10mm,60.00mm,Top,0
C31,142.10mm,47.00mm,Top,0
C32,142.10mm,60.00mm,Top,0
C33,165.10mm,47.00mm,Top,0
C34,165.10mm,60.00mm,Top,0
C35,188.10mm,47.00mm,Top,0
C36,188.10mm,60.00mm,Top,0
C37,62.00mm,69.50mm,Top,0
C38,80.00mm,69.50mm,Top,0
C39,98.00mm,69.50mm,Top,0
C40,108.00mm,68.00mm,Top,0
C41,142.00mm,69.50mm,Top,0
C42,145.00mm,69.50mm,Top,0
C43,148.00mm,69.50mm,Top,0
C44,151.00mm,93.00mm,Top,0
C45,156.00mm,93.00mm,Top,0
C46,161.00mm,93.00mm,Top,0
C47,166.00mm,93.00mm,Top,0
C48,171.00mm,93.00mm,Top,0
C49,176.00mm,93.00mm,Top,0
C50,151.00mm,97.00mm,Top,0
C51,156.00mm,97.00mm,Top,0
C52,161.00mm,97.00mm,Top,0
C53,166.00mm,97.00mm,Top,0
C54,171.00mm,97.00mm,Top,0
C55,176.00mm,97.00mm,Top,0
C56,147.00mm,101.00mm,Top,0
C57,156.00mm,101.00mm,Top,0
C58,157.00mm,106.00mm,Top,0
C59,166.00mm,101.00mm,Top,0
C60,171.00mm,101.00mm,Top,0
C61,143.50mm,64.50mm,Top,90
C62,151.50mm,82.00mm,Top,0
C63,164.50mm,67.00mm,Top,0
C64,171.50mm,67.00mm,Top,0
R538,179.00mm,70.50mm,Top,0
R539,187.00mm,70.50mm,Top,0
