Net,Endpoint A,Endpoint B,Function
"CH000_P_ELECTRODE","J1.1","R257.1","subject electrode to series protection"
"CH000_P_MUX","R257.2","U1.9","protected signal to mux input"
"CH000_P_MUX","R1.1","U1.9","10M bias tap"
"VCM","R1.2","VCM","electrode bias return"
"CH000_N_ELECTRODE","J1.17","R258.1","subject electrode to series protection"
"CH000_N_MUX","R258.2","U2.9","protected signal to mux input"
"CH000_N_MUX","R2.1","U2.9","10M bias tap"
"VCM","R2.2","VCM","electrode bias return"
"CH001_P_ELECTRODE","J1.2","R259.1","subject electrode to series protection"
"CH001_P_MUX","R259.2","U1.8","protected signal to mux input"
"CH001_P_MUX","R3.1","U1.8","10M bias tap"
"VCM","R3.2","VCM","electrode bias return"
"CH001_N_ELECTRODE","J1.18","R260.1","subject electrode to series protection"
"CH001_N_MUX","R260.2","U2.8","protected signal to mux input"
"CH001_N_MUX","R4.1","U2.8","10M bias tap"
"VCM","R4.2","VCM","electrode bias return"
"CH002_P_ELECTRODE","J1.3","R261.1","subject electrode to series protection"
"CH002_P_MUX","R261.2","U1.7","protected signal to mux input"
"CH002_P_MUX","R5.1","U1.7","10M bias tap"
"VCM","R5.2","VCM","electrode bias return"
"CH002_N_ELECTRODE","J1.19","R262.1","subject electrode to series protection"
"CH002_N_MUX","R262.2","U2.7","protected signal to mux input"
"CH002_N_MUX","R6.1","U2.7","10M bias tap"
"VCM","R6.2","VCM","electrode bias return"
"CH003_P_ELECTRODE","J1.4","R263.1","subject electrode to series protection"
"CH003_P_MUX","R263.2","U1.6","protected signal to mux input"
"CH003_P_MUX","R7.1","U1.6","10M bias tap"
"VCM","R7.2","VCM","electrode bias return"
"CH003_N_ELECTRODE","J1.20","R264.1","subject electrode to series protection"
"CH003_N_MUX","R264.2","U2.6","protected signal to mux input"
"CH003_N_MUX","R8.1","U2.6","10M bias tap"
"VCM","R8.2","VCM","electrode bias return"
"CH004_P_ELECTRODE","J1.5","R265.1","subject electrode to series protection"
"CH004_P_MUX","R265.2","U1.5","protected signal to mux input"
"CH004_P_MUX","R9.1","U1.5","10M bias tap"
"VCM","R9.2","VCM","electrode bias return"
"CH004_N_ELECTRODE","J1.21","R266.1","subject electrode to series protection"
"CH004_N_MUX","R266.2","U2.5","protected signal to mux input"
"CH004_N_MUX","R10.1","U2.5","10M bias tap"
"VCM","R10.2","VCM","electrode bias return"
"CH005_P_ELECTRODE","J1.6","R267.1","subject electrode to series protection"
"CH005_P_MUX","R267.2","U1.4","protected signal to mux input"
"CH005_P_MUX","R11.1","U1.4","10M bias tap"
"VCM","R11.2","VCM","electrode bias return"
"CH005_N_ELECTRODE","J1.22","R268.1","subject electrode to series protection"
"CH005_N_MUX","R268.2","U2.4","protected signal to mux input"
"CH005_N_MUX","R12.1","U2.4","10M bias tap"
"VCM","R12.2","VCM","electrode bias return"
"CH006_P_ELECTRODE","J1.7","R269.1","subject electrode to series protection"
"CH006_P_MUX","R269.2","U1.3","protected signal to mux input"
"CH006_P_MUX","R13.1","U1.3","10M bias tap"
"VCM","R13.2","VCM","electrode bias return"
"CH006_N_ELECTRODE","J1.23","R270.1","subject electrode to series protection"
"CH006_N_MUX","R270.2","U2.3","protected signal to mux input"
"CH006_N_MUX","R14.1","U2.3","10M bias tap"
"VCM","R14.2","VCM","electrode bias return"
"CH007_P_ELECTRODE","J1.8","R271.1","subject electrode to series protection"
"CH007_P_MUX","R271.2","U1.2","protected signal to mux input"
"CH007_P_MUX","R15.1","U1.2","10M bias tap"
"VCM","R15.2","VCM","electrode bias return"
"CH007_N_ELECTRODE","J1.24","R272.1","subject electrode to series protection"
"CH007_N_MUX","R272.2","U2.2","protected signal to mux input"
"CH007_N_MUX","R16.1","U2.2","10M bias tap"
"VCM","R16.2","VCM","electrode bias return"
"CH008_P_ELECTRODE","J1.9","R273.1","subject electrode to series protection"
"CH008_P_MUX","R273.2","U1.23","protected signal to mux input"
"CH008_P_MUX","R17.1","U1.23","10M bias tap"
"VCM","R17.2","VCM","electrode bias return"
"CH008_N_ELECTRODE","J1.25","R274.1","subject electrode to series protection"
"CH008_N_MUX","R274.2","U2.23","protected signal to mux input"
"CH008_N_MUX","R18.1","U2.23","10M bias tap"
"VCM","R18.2","VCM","electrode bias return"
"CH009_P_ELECTRODE","J1.10","R275.1","subject electrode to series protection"
"CH009_P_MUX","R275.2","U1.22","protected signal to mux input"
"CH009_P_MUX","R19.1","U1.22","10M bias tap"
"VCM","R19.2","VCM","electrode bias return"
"CH009_N_ELECTRODE","J1.26","R276.1","subject electrode to series protection"
"CH009_N_MUX","R276.2","U2.22","protected signal to mux input"
"CH009_N_MUX","R20.1","U2.22","10M bias tap"
"VCM","R20.2","VCM","electrode bias return"
"CH010_P_ELECTRODE","J1.11","R277.1","subject electrode to series protection"
"CH010_P_MUX","R277.2","U1.21","protected signal to mux input"
"CH010_P_MUX","R21.1","U1.21","10M bias tap"
"VCM","R21.2","VCM","electrode bias return"
"CH010_N_ELECTRODE","J1.27","R278.1","subject electrode to series protection"
"CH010_N_MUX","R278.2","U2.21","protected signal to mux input"
"CH010_N_MUX","R22.1","U2.21","10M bias tap"
"VCM","R22.2","VCM","electrode bias return"
"CH011_P_ELECTRODE","J1.12","R279.1","subject electrode to series protection"
"CH011_P_MUX","R279.2","U1.20","protected signal to mux input"
"CH011_P_MUX","R23.1","U1.20","10M bias tap"
"VCM","R23.2","VCM","electrode bias return"
"CH011_N_ELECTRODE","J1.28","R280.1","subject electrode to series protection"
"CH011_N_MUX","R280.2","U2.20","protected signal to mux input"
"CH011_N_MUX","R24.1","U2.20","10M bias tap"
"VCM","R24.2","VCM","electrode bias return"
"CH012_P_ELECTRODE","J1.13","R281.1","subject electrode to series protection"
"CH012_P_MUX","R281.2","U1.19","protected signal to mux input"
"CH012_P_MUX","R25.1","U1.19","10M bias tap"
"VCM","R25.2","VCM","electrode bias return"
"CH012_N_ELECTRODE","J1.29","R282.1","subject electrode to series protection"
"CH012_N_MUX","R282.2","U2.19","protected signal to mux input"
"CH012_N_MUX","R26.1","U2.19","10M bias tap"
"VCM","R26.2","VCM","electrode bias return"
"CH013_P_ELECTRODE","J1.14","R283.1","subject electrode to series protection"
"CH013_P_MUX","R283.2","U1.18","protected signal to mux input"
"CH013_P_MUX","R27.1","U1.18","10M bias tap"
"VCM","R27.2","VCM","electrode bias return"
"CH013_N_ELECTRODE","J1.30","R284.1","subject electrode to series protection"
"CH013_N_MUX","R284.2","U2.18","protected signal to mux input"
"CH013_N_MUX","R28.1","U2.18","10M bias tap"
"VCM","R28.2","VCM","electrode bias return"
"CH014_P_ELECTRODE","J1.15","R285.1","subject electrode to series protection"
"CH014_P_MUX","R285.2","U1.17","protected signal to mux input"
"CH014_P_MUX","R29.1","U1.17","10M bias tap"
"VCM","R29.2","VCM","electrode bias return"
"CH014_N_ELECTRODE","J1.31","R286.1","subject electrode to series protection"
"CH014_N_MUX","R286.2","U2.17","protected signal to mux input"
"CH014_N_MUX","R30.1","U2.17","10M bias tap"
"VCM","R30.2","VCM","electrode bias return"
"CH015_P_ELECTRODE","J1.16","R287.1","subject electrode to series protection"
"CH015_P_MUX","R287.2","U1.16","protected signal to mux input"
"CH015_P_MUX","R31.1","U1.16","10M bias tap"
"VCM","R31.2","VCM","electrode bias return"
"CH015_N_ELECTRODE","J1.32","R288.1","subject electrode to series protection"
"CH015_N_MUX","R288.2","U2.16","protected signal to mux input"
"CH015_N_MUX","R32.1","U2.16","10M bias tap"
"VCM","R32.2","VCM","electrode bias return"
"BANK0_P_MUX_OUT","U1.1","U17.3","mux common to voltage follower"
"BANK0_P_BUFFER","U17.1","U17.2","unity follower feedback"
"BANK0_P_BUFFER","U17.1","R513.1","buffer output to ADC isolation resistor"
"ADC0_P","R513.2","U21.29","ADS131M08 differential input"
"BANK0_N_MUX_OUT","U2.1","U17.5","mux common to voltage follower"
"BANK0_N_BUFFER","U17.7","U17.6","unity follower feedback"
"BANK0_N_BUFFER","U17.7","R514.1","buffer output to ADC isolation resistor"
"ADC0_N","R514.2","U21.30","ADS131M08 differential input"
"CH016_P_ELECTRODE","J2.1","R289.1","subject electrode to series protection"
"CH016_P_MUX","R289.2","U3.9","protected signal to mux input"
"CH016_P_MUX","R33.1","U3.9","10M bias tap"
"VCM","R33.2","VCM","electrode bias return"
"CH016_N_ELECTRODE","J2.17","R290.1","subject electrode to series protection"
"CH016_N_MUX","R290.2","U4.9","protected signal to mux input"
"CH016_N_MUX","R34.1","U4.9","10M bias tap"
"VCM","R34.2","VCM","electrode bias return"
"CH017_P_ELECTRODE","J2.2","R291.1","subject electrode to series protection"
"CH017_P_MUX","R291.2","U3.8","protected signal to mux input"
"CH017_P_MUX","R35.1","U3.8","10M bias tap"
"VCM","R35.2","VCM","electrode bias return"
"CH017_N_ELECTRODE","J2.18","R292.1","subject electrode to series protection"
"CH017_N_MUX","R292.2","U4.8","protected signal to mux input"
"CH017_N_MUX","R36.1","U4.8","10M bias tap"
"VCM","R36.2","VCM","electrode bias return"
"CH018_P_ELECTRODE","J2.3","R293.1","subject electrode to series protection"
"CH018_P_MUX","R293.2","U3.7","protected signal to mux input"
"CH018_P_MUX","R37.1","U3.7","10M bias tap"
"VCM","R37.2","VCM","electrode bias return"
"CH018_N_ELECTRODE","J2.19","R294.1","subject electrode to series protection"
"CH018_N_MUX","R294.2","U4.7","protected signal to mux input"
"CH018_N_MUX","R38.1","U4.7","10M bias tap"
"VCM","R38.2","VCM","electrode bias return"
"CH019_P_ELECTRODE","J2.4","R295.1","subject electrode to series protection"
"CH019_P_MUX","R295.2","U3.6","protected signal to mux input"
"CH019_P_MUX","R39.1","U3.6","10M bias tap"
"VCM","R39.2","VCM","electrode bias return"
"CH019_N_ELECTRODE","J2.20","R296.1","subject electrode to series protection"
"CH019_N_MUX","R296.2","U4.6","protected signal to mux input"
"CH019_N_MUX","R40.1","U4.6","10M bias tap"
"VCM","R40.2","VCM","electrode bias return"
"CH020_P_ELECTRODE","J2.5","R297.1","subject electrode to series protection"
"CH020_P_MUX","R297.2","U3.5","protected signal to mux input"
"CH020_P_MUX","R41.1","U3.5","10M bias tap"
"VCM","R41.2","VCM","electrode bias return"
"CH020_N_ELECTRODE","J2.21","R298.1","subject electrode to series protection"
"CH020_N_MUX","R298.2","U4.5","protected signal to mux input"
"CH020_N_MUX","R42.1","U4.5","10M bias tap"
"VCM","R42.2","VCM","electrode bias return"
"CH021_P_ELECTRODE","J2.6","R299.1","subject electrode to series protection"
"CH021_P_MUX","R299.2","U3.4","protected signal to mux input"
"CH021_P_MUX","R43.1","U3.4","10M bias tap"
"VCM","R43.2","VCM","electrode bias return"
"CH021_N_ELECTRODE","J2.22","R300.1","subject electrode to series protection"
"CH021_N_MUX","R300.2","U4.4","protected signal to mux input"
"CH021_N_MUX","R44.1","U4.4","10M bias tap"
"VCM","R44.2","VCM","electrode bias return"
"CH022_P_ELECTRODE","J2.7","R301.1","subject electrode to series protection"
"CH022_P_MUX","R301.2","U3.3","protected signal to mux input"
"CH022_P_MUX","R45.1","U3.3","10M bias tap"
"VCM","R45.2","VCM","electrode bias return"
"CH022_N_ELECTRODE","J2.23","R302.1","subject electrode to series protection"
"CH022_N_MUX","R302.2","U4.3","protected signal to mux input"
"CH022_N_MUX","R46.1","U4.3","10M bias tap"
"VCM","R46.2","VCM","electrode bias return"
"CH023_P_ELECTRODE","J2.8","R303.1","subject electrode to series protection"
"CH023_P_MUX","R303.2","U3.2","protected signal to mux input"
"CH023_P_MUX","R47.1","U3.2","10M bias tap"
"VCM","R47.2","VCM","electrode bias return"
"CH023_N_ELECTRODE","J2.24","R304.1","subject electrode to series protection"
"CH023_N_MUX","R304.2","U4.2","protected signal to mux input"
"CH023_N_MUX","R48.1","U4.2","10M bias tap"
"VCM","R48.2","VCM","electrode bias return"
"CH024_P_ELECTRODE","J2.9","R305.1","subject electrode to series protection"
"CH024_P_MUX","R305.2","U3.23","protected signal to mux input"
"CH024_P_MUX","R49.1","U3.23","10M bias tap"
"VCM","R49.2","VCM","electrode bias return"
"CH024_N_ELECTRODE","J2.25","R306.1","subject electrode to series protection"
"CH024_N_MUX","R306.2","U4.23","protected signal to mux input"
"CH024_N_MUX","R50.1","U4.23","10M bias tap"
"VCM","R50.2","VCM","electrode bias return"
"CH025_P_ELECTRODE","J2.10","R307.1","subject electrode to series protection"
"CH025_P_MUX","R307.2","U3.22","protected signal to mux input"
"CH025_P_MUX","R51.1","U3.22","10M bias tap"
"VCM","R51.2","VCM","electrode bias return"
"CH025_N_ELECTRODE","J2.26","R308.1","subject electrode to series protection"
"CH025_N_MUX","R308.2","U4.22","protected signal to mux input"
"CH025_N_MUX","R52.1","U4.22","10M bias tap"
"VCM","R52.2","VCM","electrode bias return"
"CH026_P_ELECTRODE","J2.11","R309.1","subject electrode to series protection"
"CH026_P_MUX","R309.2","U3.21","protected signal to mux input"
"CH026_P_MUX","R53.1","U3.21","10M bias tap"
"VCM","R53.2","VCM","electrode bias return"
"CH026_N_ELECTRODE","J2.27","R310.1","subject electrode to series protection"
"CH026_N_MUX","R310.2","U4.21","protected signal to mux input"
"CH026_N_MUX","R54.1","U4.21","10M bias tap"
"VCM","R54.2","VCM","electrode bias return"
"CH027_P_ELECTRODE","J2.12","R311.1","subject electrode to series protection"
"CH027_P_MUX","R311.2","U3.20","protected signal to mux input"
"CH027_P_MUX","R55.1","U3.20","10M bias tap"
"VCM","R55.2","VCM","electrode bias return"
"CH027_N_ELECTRODE","J2.28","R312.1","subject electrode to series protection"
"CH027_N_MUX","R312.2","U4.20","protected signal to mux input"
"CH027_N_MUX","R56.1","U4.20","10M bias tap"
"VCM","R56.2","VCM","electrode bias return"
"CH028_P_ELECTRODE","J2.13","R313.1","subject electrode to series protection"
"CH028_P_MUX","R313.2","U3.19","protected signal to mux input"
"CH028_P_MUX","R57.1","U3.19","10M bias tap"
"VCM","R57.2","VCM","electrode bias return"
"CH028_N_ELECTRODE","J2.29","R314.1","subject electrode to series protection"
"CH028_N_MUX","R314.2","U4.19","protected signal to mux input"
"CH028_N_MUX","R58.1","U4.19","10M bias tap"
"VCM","R58.2","VCM","electrode bias return"
"CH029_P_ELECTRODE","J2.14","R315.1","subject electrode to series protection"
"CH029_P_MUX","R315.2","U3.18","protected signal to mux input"
"CH029_P_MUX","R59.1","U3.18","10M bias tap"
"VCM","R59.2","VCM","electrode bias return"
"CH029_N_ELECTRODE","J2.30","R316.1","subject electrode to series protection"
"CH029_N_MUX","R316.2","U4.18","protected signal to mux input"
"CH029_N_MUX","R60.1","U4.18","10M bias tap"
"VCM","R60.2","VCM","electrode bias return"
"CH030_P_ELECTRODE","J2.15","R317.1","subject electrode to series protection"
"CH030_P_MUX","R317.2","U3.17","protected signal to mux input"
"CH030_P_MUX","R61.1","U3.17","10M bias tap"
"VCM","R61.2","VCM","electrode bias return"
"CH030_N_ELECTRODE","J2.31","R318.1","subject electrode to series protection"
"CH030_N_MUX","R318.2","U4.17","protected signal to mux input"
"CH030_N_MUX","R62.1","U4.17","10M bias tap"
"VCM","R62.2","VCM","electrode bias return"
"CH031_P_ELECTRODE","J2.16","R319.1","subject electrode to series protection"
"CH031_P_MUX","R319.2","U3.16","protected signal to mux input"
"CH031_P_MUX","R63.1","U3.16","10M bias tap"
"VCM","R63.2","VCM","electrode bias return"
"CH031_N_ELECTRODE","J2.32","R320.1","subject electrode to series protection"
"CH031_N_MUX","R320.2","U4.16","protected signal to mux input"
"CH031_N_MUX","R64.1","U4.16","10M bias tap"
"VCM","R64.2","VCM","electrode bias return"
"BANK1_P_MUX_OUT","U3.1","U17.10","mux common to voltage follower"
"BANK1_P_BUFFER","U17.8","U17.9","unity follower feedback"
"BANK1_P_BUFFER","U17.8","R515.1","buffer output to ADC isolation resistor"
"ADC1_P","R515.2","U21.32","ADS131M08 differential input"
"BANK1_N_MUX_OUT","U4.1","U17.12","mux common to voltage follower"
"BANK1_N_BUFFER","U17.14","U17.13","unity follower feedback"
"BANK1_N_BUFFER","U17.14","R516.1","buffer output to ADC isolation resistor"
"ADC1_N","R516.2","U21.31","ADS131M08 differential input"
"CH032_P_ELECTRODE","J3.1","R321.1","subject electrode to series protection"
"CH032_P_MUX","R321.2","U5.9","protected signal to mux input"
"CH032_P_MUX","R65.1","U5.9","10M bias tap"
"VCM","R65.2","VCM","electrode bias return"
"CH032_N_ELECTRODE","J3.17","R322.1","subject electrode to series protection"
"CH032_N_MUX","R322.2","U6.9","protected signal to mux input"
"CH032_N_MUX","R66.1","U6.9","10M bias tap"
"VCM","R66.2","VCM","electrode bias return"
"CH033_P_ELECTRODE","J3.2","R323.1","subject electrode to series protection"
"CH033_P_MUX","R323.2","U5.8","protected signal to mux input"
"CH033_P_MUX","R67.1","U5.8","10M bias tap"
"VCM","R67.2","VCM","electrode bias return"
"CH033_N_ELECTRODE","J3.18","R324.1","subject electrode to series protection"
"CH033_N_MUX","R324.2","U6.8","protected signal to mux input"
"CH033_N_MUX","R68.1","U6.8","10M bias tap"
"VCM","R68.2","VCM","electrode bias return"
"CH034_P_ELECTRODE","J3.3","R325.1","subject electrode to series protection"
"CH034_P_MUX","R325.2","U5.7","protected signal to mux input"
"CH034_P_MUX","R69.1","U5.7","10M bias tap"
"VCM","R69.2","VCM","electrode bias return"
"CH034_N_ELECTRODE","J3.19","R326.1","subject electrode to series protection"
"CH034_N_MUX","R326.2","U6.7","protected signal to mux input"
"CH034_N_MUX","R70.1","U6.7","10M bias tap"
"VCM","R70.2","VCM","electrode bias return"
"CH035_P_ELECTRODE","J3.4","R327.1","subject electrode to series protection"
"CH035_P_MUX","R327.2","U5.6","protected signal to mux input"
"CH035_P_MUX","R71.1","U5.6","10M bias tap"
"VCM","R71.2","VCM","electrode bias return"
"CH035_N_ELECTRODE","J3.20","R328.1","subject electrode to series protection"
"CH035_N_MUX","R328.2","U6.6","protected signal to mux input"
"CH035_N_MUX","R72.1","U6.6","10M bias tap"
"VCM","R72.2","VCM","electrode bias return"
"CH036_P_ELECTRODE","J3.5","R329.1","subject electrode to series protection"
"CH036_P_MUX","R329.2","U5.5","protected signal to mux input"
"CH036_P_MUX","R73.1","U5.5","10M bias tap"
"VCM","R73.2","VCM","electrode bias return"
"CH036_N_ELECTRODE","J3.21","R330.1","subject electrode to series protection"
"CH036_N_MUX","R330.2","U6.5","protected signal to mux input"
"CH036_N_MUX","R74.1","U6.5","10M bias tap"
"VCM","R74.2","VCM","electrode bias return"
"CH037_P_ELECTRODE","J3.6","R331.1","subject electrode to series protection"
"CH037_P_MUX","R331.2","U5.4","protected signal to mux input"
"CH037_P_MUX","R75.1","U5.4","10M bias tap"
"VCM","R75.2","VCM","electrode bias return"
"CH037_N_ELECTRODE","J3.22","R332.1","subject electrode to series protection"
"CH037_N_MUX","R332.2","U6.4","protected signal to mux input"
"CH037_N_MUX","R76.1","U6.4","10M bias tap"
"VCM","R76.2","VCM","electrode bias return"
"CH038_P_ELECTRODE","J3.7","R333.1","subject electrode to series protection"
"CH038_P_MUX","R333.2","U5.3","protected signal to mux input"
"CH038_P_MUX","R77.1","U5.3","10M bias tap"
"VCM","R77.2","VCM","electrode bias return"
"CH038_N_ELECTRODE","J3.23","R334.1","subject electrode to series protection"
"CH038_N_MUX","R334.2","U6.3","protected signal to mux input"
"CH038_N_MUX","R78.1","U6.3","10M bias tap"
"VCM","R78.2","VCM","electrode bias return"
"CH039_P_ELECTRODE","J3.8","R335.1","subject electrode to series protection"
"CH039_P_MUX","R335.2","U5.2","protected signal to mux input"
"CH039_P_MUX","R79.1","U5.2","10M bias tap"
"VCM","R79.2","VCM","electrode bias return"
"CH039_N_ELECTRODE","J3.24","R336.1","subject electrode to series protection"
"CH039_N_MUX","R336.2","U6.2","protected signal to mux input"
"CH039_N_MUX","R80.1","U6.2","10M bias tap"
"VCM","R80.2","VCM","electrode bias return"
"CH040_P_ELECTRODE","J3.9","R337.1","subject electrode to series protection"
"CH040_P_MUX","R337.2","U5.23","protected signal to mux input"
"CH040_P_MUX","R81.1","U5.23","10M bias tap"
"VCM","R81.2","VCM","electrode bias return"
"CH040_N_ELECTRODE","J3.25","R338.1","subject electrode to series protection"
"CH040_N_MUX","R338.2","U6.23","protected signal to mux input"
"CH040_N_MUX","R82.1","U6.23","10M bias tap"
"VCM","R82.2","VCM","electrode bias return"
"CH041_P_ELECTRODE","J3.10","R339.1","subject electrode to series protection"
"CH041_P_MUX","R339.2","U5.22","protected signal to mux input"
"CH041_P_MUX","R83.1","U5.22","10M bias tap"
"VCM","R83.2","VCM","electrode bias return"
"CH041_N_ELECTRODE","J3.26","R340.1","subject electrode to series protection"
"CH041_N_MUX","R340.2","U6.22","protected signal to mux input"
"CH041_N_MUX","R84.1","U6.22","10M bias tap"
"VCM","R84.2","VCM","electrode bias return"
"CH042_P_ELECTRODE","J3.11","R341.1","subject electrode to series protection"
"CH042_P_MUX","R341.2","U5.21","protected signal to mux input"
"CH042_P_MUX","R85.1","U5.21","10M bias tap"
"VCM","R85.2","VCM","electrode bias return"
"CH042_N_ELECTRODE","J3.27","R342.1","subject electrode to series protection"
"CH042_N_MUX","R342.2","U6.21","protected signal to mux input"
"CH042_N_MUX","R86.1","U6.21","10M bias tap"
"VCM","R86.2","VCM","electrode bias return"
"CH043_P_ELECTRODE","J3.12","R343.1","subject electrode to series protection"
"CH043_P_MUX","R343.2","U5.20","protected signal to mux input"
"CH043_P_MUX","R87.1","U5.20","10M bias tap"
"VCM","R87.2","VCM","electrode bias return"
"CH043_N_ELECTRODE","J3.28","R344.1","subject electrode to series protection"
"CH043_N_MUX","R344.2","U6.20","protected signal to mux input"
"CH043_N_MUX","R88.1","U6.20","10M bias tap"
"VCM","R88.2","VCM","electrode bias return"
"CH044_P_ELECTRODE","J3.13","R345.1","subject electrode to series protection"
"CH044_P_MUX","R345.2","U5.19","protected signal to mux input"
"CH044_P_MUX","R89.1","U5.19","10M bias tap"
"VCM","R89.2","VCM","electrode bias return"
"CH044_N_ELECTRODE","J3.29","R346.1","subject electrode to series protection"
"CH044_N_MUX","R346.2","U6.19","protected signal to mux input"
"CH044_N_MUX","R90.1","U6.19","10M bias tap"
"VCM","R90.2","VCM","electrode bias return"
"CH045_P_ELECTRODE","J3.14","R347.1","subject electrode to series protection"
"CH045_P_MUX","R347.2","U5.18","protected signal to mux input"
"CH045_P_MUX","R91.1","U5.18","10M bias tap"
"VCM","R91.2","VCM","electrode bias return"
"CH045_N_ELECTRODE","J3.30","R348.1","subject electrode to series protection"
"CH045_N_MUX","R348.2","U6.18","protected signal to mux input"
"CH045_N_MUX","R92.1","U6.18","10M bias tap"
"VCM","R92.2","VCM","electrode bias return"
"CH046_P_ELECTRODE","J3.15","R349.1","subject electrode to series protection"
"CH046_P_MUX","R349.2","U5.17","protected signal to mux input"
"CH046_P_MUX","R93.1","U5.17","10M bias tap"
"VCM","R93.2","VCM","electrode bias return"
"CH046_N_ELECTRODE","J3.31","R350.1","subject electrode to series protection"
"CH046_N_MUX","R350.2","U6.17","protected signal to mux input"
"CH046_N_MUX","R94.1","U6.17","10M bias tap"
"VCM","R94.2","VCM","electrode bias return"
"CH047_P_ELECTRODE","J3.16","R351.1","subject electrode to series protection"
"CH047_P_MUX","R351.2","U5.16","protected signal to mux input"
"CH047_P_MUX","R95.1","U5.16","10M bias tap"
"VCM","R95.2","VCM","electrode bias return"
"CH047_N_ELECTRODE","J3.32","R352.1","subject electrode to series protection"
"CH047_N_MUX","R352.2","U6.16","protected signal to mux input"
"CH047_N_MUX","R96.1","U6.16","10M bias tap"
"VCM","R96.2","VCM","electrode bias return"
"BANK2_P_MUX_OUT","U5.1","U18.3","mux common to voltage follower"
"BANK2_P_BUFFER","U18.1","U18.2","unity follower feedback"
"BANK2_P_BUFFER","U18.1","R517.1","buffer output to ADC isolation resistor"
"ADC2_P","R517.2","U21.1","ADS131M08 differential input"
"BANK2_N_MUX_OUT","U6.1","U18.5","mux common to voltage follower"
"BANK2_N_BUFFER","U18.7","U18.6","unity follower feedback"
"BANK2_N_BUFFER","U18.7","R518.1","buffer output to ADC isolation resistor"
"ADC2_N","R518.2","U21.2","ADS131M08 differential input"
"CH048_P_ELECTRODE","J4.1","R353.1","subject electrode to series protection"
"CH048_P_MUX","R353.2","U7.9","protected signal to mux input"
"CH048_P_MUX","R97.1","U7.9","10M bias tap"
"VCM","R97.2","VCM","electrode bias return"
"CH048_N_ELECTRODE","J4.17","R354.1","subject electrode to series protection"
"CH048_N_MUX","R354.2","U8.9","protected signal to mux input"
"CH048_N_MUX","R98.1","U8.9","10M bias tap"
"VCM","R98.2","VCM","electrode bias return"
"CH049_P_ELECTRODE","J4.2","R355.1","subject electrode to series protection"
"CH049_P_MUX","R355.2","U7.8","protected signal to mux input"
"CH049_P_MUX","R99.1","U7.8","10M bias tap"
"VCM","R99.2","VCM","electrode bias return"
"CH049_N_ELECTRODE","J4.18","R356.1","subject electrode to series protection"
"CH049_N_MUX","R356.2","U8.8","protected signal to mux input"
"CH049_N_MUX","R100.1","U8.8","10M bias tap"
"VCM","R100.2","VCM","electrode bias return"
"CH050_P_ELECTRODE","J4.3","R357.1","subject electrode to series protection"
"CH050_P_MUX","R357.2","U7.7","protected signal to mux input"
"CH050_P_MUX","R101.1","U7.7","10M bias tap"
"VCM","R101.2","VCM","electrode bias return"
"CH050_N_ELECTRODE","J4.19","R358.1","subject electrode to series protection"
"CH050_N_MUX","R358.2","U8.7","protected signal to mux input"
"CH050_N_MUX","R102.1","U8.7","10M bias tap"
"VCM","R102.2","VCM","electrode bias return"
"CH051_P_ELECTRODE","J4.4","R359.1","subject electrode to series protection"
"CH051_P_MUX","R359.2","U7.6","protected signal to mux input"
"CH051_P_MUX","R103.1","U7.6","10M bias tap"
"VCM","R103.2","VCM","electrode bias return"
"CH051_N_ELECTRODE","J4.20","R360.1","subject electrode to series protection"
"CH051_N_MUX","R360.2","U8.6","protected signal to mux input"
"CH051_N_MUX","R104.1","U8.6","10M bias tap"
"VCM","R104.2","VCM","electrode bias return"
"CH052_P_ELECTRODE","J4.5","R361.1","subject electrode to series protection"
"CH052_P_MUX","R361.2","U7.5","protected signal to mux input"
"CH052_P_MUX","R105.1","U7.5","10M bias tap"
"VCM","R105.2","VCM","electrode bias return"
"CH052_N_ELECTRODE","J4.21","R362.1","subject electrode to series protection"
"CH052_N_MUX","R362.2","U8.5","protected signal to mux input"
"CH052_N_MUX","R106.1","U8.5","10M bias tap"
"VCM","R106.2","VCM","electrode bias return"
"CH053_P_ELECTRODE","J4.6","R363.1","subject electrode to series protection"
"CH053_P_MUX","R363.2","U7.4","protected signal to mux input"
"CH053_P_MUX","R107.1","U7.4","10M bias tap"
"VCM","R107.2","VCM","electrode bias return"
"CH053_N_ELECTRODE","J4.22","R364.1","subject electrode to series protection"
"CH053_N_MUX","R364.2","U8.4","protected signal to mux input"
"CH053_N_MUX","R108.1","U8.4","10M bias tap"
"VCM","R108.2","VCM","electrode bias return"
"CH054_P_ELECTRODE","J4.7","R365.1","subject electrode to series protection"
"CH054_P_MUX","R365.2","U7.3","protected signal to mux input"
"CH054_P_MUX","R109.1","U7.3","10M bias tap"
"VCM","R109.2","VCM","electrode bias return"
"CH054_N_ELECTRODE","J4.23","R366.1","subject electrode to series protection"
"CH054_N_MUX","R366.2","U8.3","protected signal to mux input"
"CH054_N_MUX","R110.1","U8.3","10M bias tap"
"VCM","R110.2","VCM","electrode bias return"
"CH055_P_ELECTRODE","J4.8","R367.1","subject electrode to series protection"
"CH055_P_MUX","R367.2","U7.2","protected signal to mux input"
"CH055_P_MUX","R111.1","U7.2","10M bias tap"
"VCM","R111.2","VCM","electrode bias return"
"CH055_N_ELECTRODE","J4.24","R368.1","subject electrode to series protection"
"CH055_N_MUX","R368.2","U8.2","protected signal to mux input"
"CH055_N_MUX","R112.1","U8.2","10M bias tap"
"VCM","R112.2","VCM","electrode bias return"
"CH056_P_ELECTRODE","J4.9","R369.1","subject electrode to series protection"
"CH056_P_MUX","R369.2","U7.23","protected signal to mux input"
"CH056_P_MUX","R113.1","U7.23","10M bias tap"
"VCM","R113.2","VCM","electrode bias return"
"CH056_N_ELECTRODE","J4.25","R370.1","subject electrode to series protection"
"CH056_N_MUX","R370.2","U8.23","protected signal to mux input"
"CH056_N_MUX","R114.1","U8.23","10M bias tap"
"VCM","R114.2","VCM","electrode bias return"
"CH057_P_ELECTRODE","J4.10","R371.1","subject electrode to series protection"
"CH057_P_MUX","R371.2","U7.22","protected signal to mux input"
"CH057_P_MUX","R115.1","U7.22","10M bias tap"
"VCM","R115.2","VCM","electrode bias return"
"CH057_N_ELECTRODE","J4.26","R372.1","subject electrode to series protection"
"CH057_N_MUX","R372.2","U8.22","protected signal to mux input"
"CH057_N_MUX","R116.1","U8.22","10M bias tap"
"VCM","R116.2","VCM","electrode bias return"
"CH058_P_ELECTRODE","J4.11","R373.1","subject electrode to series protection"
"CH058_P_MUX","R373.2","U7.21","protected signal to mux input"
"CH058_P_MUX","R117.1","U7.21","10M bias tap"
"VCM","R117.2","VCM","electrode bias return"
"CH058_N_ELECTRODE","J4.27","R374.1","subject electrode to series protection"
"CH058_N_MUX","R374.2","U8.21","protected signal to mux input"
"CH058_N_MUX","R118.1","U8.21","10M bias tap"
"VCM","R118.2","VCM","electrode bias return"
"CH059_P_ELECTRODE","J4.12","R375.1","subject electrode to series protection"
"CH059_P_MUX","R375.2","U7.20","protected signal to mux input"
"CH059_P_MUX","R119.1","U7.20","10M bias tap"
"VCM","R119.2","VCM","electrode bias return"
"CH059_N_ELECTRODE","J4.28","R376.1","subject electrode to series protection"
"CH059_N_MUX","R376.2","U8.20","protected signal to mux input"
"CH059_N_MUX","R120.1","U8.20","10M bias tap"
"VCM","R120.2","VCM","electrode bias return"
"CH060_P_ELECTRODE","J4.13","R377.1","subject electrode to series protection"
"CH060_P_MUX","R377.2","U7.19","protected signal to mux input"
"CH060_P_MUX","R121.1","U7.19","10M bias tap"
"VCM","R121.2","VCM","electrode bias return"
"CH060_N_ELECTRODE","J4.29","R378.1","subject electrode to series protection"
"CH060_N_MUX","R378.2","U8.19","protected signal to mux input"
"CH060_N_MUX","R122.1","U8.19","10M bias tap"
"VCM","R122.2","VCM","electrode bias return"
"CH061_P_ELECTRODE","J4.14","R379.1","subject electrode to series protection"
"CH061_P_MUX","R379.2","U7.18","protected signal to mux input"
"CH061_P_MUX","R123.1","U7.18","10M bias tap"
"VCM","R123.2","VCM","electrode bias return"
"CH061_N_ELECTRODE","J4.30","R380.1","subject electrode to series protection"
"CH061_N_MUX","R380.2","U8.18","protected signal to mux input"
"CH061_N_MUX","R124.1","U8.18","10M bias tap"
"VCM","R124.2","VCM","electrode bias return"
"CH062_P_ELECTRODE","J4.15","R381.1","subject electrode to series protection"
"CH062_P_MUX","R381.2","U7.17","protected signal to mux input"
"CH062_P_MUX","R125.1","U7.17","10M bias tap"
"VCM","R125.2","VCM","electrode bias return"
"CH062_N_ELECTRODE","J4.31","R382.1","subject electrode to series protection"
"CH062_N_MUX","R382.2","U8.17","protected signal to mux input"
"CH062_N_MUX","R126.1","U8.17","10M bias tap"
"VCM","R126.2","VCM","electrode bias return"
"CH063_P_ELECTRODE","J4.16","R383.1","subject electrode to series protection"
"CH063_P_MUX","R383.2","U7.16","protected signal to mux input"
"CH063_P_MUX","R127.1","U7.16","10M bias tap"
"VCM","R127.2","VCM","electrode bias return"
"CH063_N_ELECTRODE","J4.32","R384.1","subject electrode to series protection"
"CH063_N_MUX","R384.2","U8.16","protected signal to mux input"
"CH063_N_MUX","R128.1","U8.16","10M bias tap"
"VCM","R128.2","VCM","electrode bias return"
"BANK3_P_MUX_OUT","U7.1","U18.10","mux common to voltage follower"
"BANK3_P_BUFFER","U18.8","U18.9","unity follower feedback"
"BANK3_P_BUFFER","U18.8","R519.1","buffer output to ADC isolation resistor"
"ADC3_P","R519.2","U21.4","ADS131M08 differential input"
"BANK3_N_MUX_OUT","U8.1","U18.12","mux common to voltage follower"
"BANK3_N_BUFFER","U18.14","U18.13","unity follower feedback"
"BANK3_N_BUFFER","U18.14","R520.1","buffer output to ADC isolation resistor"
"ADC3_N","R520.2","U21.3","ADS131M08 differential input"
"CH064_P_ELECTRODE","J5.1","R385.1","subject electrode to series protection"
"CH064_P_MUX","R385.2","U9.9","protected signal to mux input"
"CH064_P_MUX","R129.1","U9.9","10M bias tap"
"VCM","R129.2","VCM","electrode bias return"
"CH064_N_ELECTRODE","J5.17","R386.1","subject electrode to series protection"
"CH064_N_MUX","R386.2","U10.9","protected signal to mux input"
"CH064_N_MUX","R130.1","U10.9","10M bias tap"
"VCM","R130.2","VCM","electrode bias return"
"CH065_P_ELECTRODE","J5.2","R387.1","subject electrode to series protection"
"CH065_P_MUX","R387.2","U9.8","protected signal to mux input"
"CH065_P_MUX","R131.1","U9.8","10M bias tap"
"VCM","R131.2","VCM","electrode bias return"
"CH065_N_ELECTRODE","J5.18","R388.1","subject electrode to series protection"
"CH065_N_MUX","R388.2","U10.8","protected signal to mux input"
"CH065_N_MUX","R132.1","U10.8","10M bias tap"
"VCM","R132.2","VCM","electrode bias return"
"CH066_P_ELECTRODE","J5.3","R389.1","subject electrode to series protection"
"CH066_P_MUX","R389.2","U9.7","protected signal to mux input"
"CH066_P_MUX","R133.1","U9.7","10M bias tap"
"VCM","R133.2","VCM","electrode bias return"
"CH066_N_ELECTRODE","J5.19","R390.1","subject electrode to series protection"
"CH066_N_MUX","R390.2","U10.7","protected signal to mux input"
"CH066_N_MUX","R134.1","U10.7","10M bias tap"
"VCM","R134.2","VCM","electrode bias return"
"CH067_P_ELECTRODE","J5.4","R391.1","subject electrode to series protection"
"CH067_P_MUX","R391.2","U9.6","protected signal to mux input"
"CH067_P_MUX","R135.1","U9.6","10M bias tap"
"VCM","R135.2","VCM","electrode bias return"
"CH067_N_ELECTRODE","J5.20","R392.1","subject electrode to series protection"
"CH067_N_MUX","R392.2","U10.6","protected signal to mux input"
"CH067_N_MUX","R136.1","U10.6","10M bias tap"
"VCM","R136.2","VCM","electrode bias return"
"CH068_P_ELECTRODE","J5.5","R393.1","subject electrode to series protection"
"CH068_P_MUX","R393.2","U9.5","protected signal to mux input"
"CH068_P_MUX","R137.1","U9.5","10M bias tap"
"VCM","R137.2","VCM","electrode bias return"
"CH068_N_ELECTRODE","J5.21","R394.1","subject electrode to series protection"
"CH068_N_MUX","R394.2","U10.5","protected signal to mux input"
"CH068_N_MUX","R138.1","U10.5","10M bias tap"
"VCM","R138.2","VCM","electrode bias return"
"CH069_P_ELECTRODE","J5.6","R395.1","subject electrode to series protection"
"CH069_P_MUX","R395.2","U9.4","protected signal to mux input"
"CH069_P_MUX","R139.1","U9.4","10M bias tap"
"VCM","R139.2","VCM","electrode bias return"
"CH069_N_ELECTRODE","J5.22","R396.1","subject electrode to series protection"
"CH069_N_MUX","R396.2","U10.4","protected signal to mux input"
"CH069_N_MUX","R140.1","U10.4","10M bias tap"
"VCM","R140.2","VCM","electrode bias return"
"CH070_P_ELECTRODE","J5.7","R397.1","subject electrode to series protection"
"CH070_P_MUX","R397.2","U9.3","protected signal to mux input"
"CH070_P_MUX","R141.1","U9.3","10M bias tap"
"VCM","R141.2","VCM","electrode bias return"
"CH070_N_ELECTRODE","J5.23","R398.1","subject electrode to series protection"
"CH070_N_MUX","R398.2","U10.3","protected signal to mux input"
"CH070_N_MUX","R142.1","U10.3","10M bias tap"
"VCM","R142.2","VCM","electrode bias return"
"CH071_P_ELECTRODE","J5.8","R399.1","subject electrode to series protection"
"CH071_P_MUX","R399.2","U9.2","protected signal to mux input"
"CH071_P_MUX","R143.1","U9.2","10M bias tap"
"VCM","R143.2","VCM","electrode bias return"
"CH071_N_ELECTRODE","J5.24","R400.1","subject electrode to series protection"
"CH071_N_MUX","R400.2","U10.2","protected signal to mux input"
"CH071_N_MUX","R144.1","U10.2","10M bias tap"
"VCM","R144.2","VCM","electrode bias return"
"CH072_P_ELECTRODE","J5.9","R401.1","subject electrode to series protection"
"CH072_P_MUX","R401.2","U9.23","protected signal to mux input"
"CH072_P_MUX","R145.1","U9.23","10M bias tap"
"VCM","R145.2","VCM","electrode bias return"
"CH072_N_ELECTRODE","J5.25","R402.1","subject electrode to series protection"
"CH072_N_MUX","R402.2","U10.23","protected signal to mux input"
"CH072_N_MUX","R146.1","U10.23","10M bias tap"
"VCM","R146.2","VCM","electrode bias return"
"CH073_P_ELECTRODE","J5.10","R403.1","subject electrode to series protection"
"CH073_P_MUX","R403.2","U9.22","protected signal to mux input"
"CH073_P_MUX","R147.1","U9.22","10M bias tap"
"VCM","R147.2","VCM","electrode bias return"
"CH073_N_ELECTRODE","J5.26","R404.1","subject electrode to series protection"
"CH073_N_MUX","R404.2","U10.22","protected signal to mux input"
"CH073_N_MUX","R148.1","U10.22","10M bias tap"
"VCM","R148.2","VCM","electrode bias return"
"CH074_P_ELECTRODE","J5.11","R405.1","subject electrode to series protection"
"CH074_P_MUX","R405.2","U9.21","protected signal to mux input"
"CH074_P_MUX","R149.1","U9.21","10M bias tap"
"VCM","R149.2","VCM","electrode bias return"
"CH074_N_ELECTRODE","J5.27","R406.1","subject electrode to series protection"
"CH074_N_MUX","R406.2","U10.21","protected signal to mux input"
"CH074_N_MUX","R150.1","U10.21","10M bias tap"
"VCM","R150.2","VCM","electrode bias return"
"CH075_P_ELECTRODE","J5.12","R407.1","subject electrode to series protection"
"CH075_P_MUX","R407.2","U9.20","protected signal to mux input"
"CH075_P_MUX","R151.1","U9.20","10M bias tap"
"VCM","R151.2","VCM","electrode bias return"
"CH075_N_ELECTRODE","J5.28","R408.1","subject electrode to series protection"
"CH075_N_MUX","R408.2","U10.20","protected signal to mux input"
"CH075_N_MUX","R152.1","U10.20","10M bias tap"
"VCM","R152.2","VCM","electrode bias return"
"CH076_P_ELECTRODE","J5.13","R409.1","subject electrode to series protection"
"CH076_P_MUX","R409.2","U9.19","protected signal to mux input"
"CH076_P_MUX","R153.1","U9.19","10M bias tap"
"VCM","R153.2","VCM","electrode bias return"
"CH076_N_ELECTRODE","J5.29","R410.1","subject electrode to series protection"
"CH076_N_MUX","R410.2","U10.19","protected signal to mux input"
"CH076_N_MUX","R154.1","U10.19","10M bias tap"
"VCM","R154.2","VCM","electrode bias return"
"CH077_P_ELECTRODE","J5.14","R411.1","subject electrode to series protection"
"CH077_P_MUX","R411.2","U9.18","protected signal to mux input"
"CH077_P_MUX","R155.1","U9.18","10M bias tap"
"VCM","R155.2","VCM","electrode bias return"
"CH077_N_ELECTRODE","J5.30","R412.1","subject electrode to series protection"
"CH077_N_MUX","R412.2","U10.18","protected signal to mux input"
"CH077_N_MUX","R156.1","U10.18","10M bias tap"
"VCM","R156.2","VCM","electrode bias return"
"CH078_P_ELECTRODE","J5.15","R413.1","subject electrode to series protection"
"CH078_P_MUX","R413.2","U9.17","protected signal to mux input"
"CH078_P_MUX","R157.1","U9.17","10M bias tap"
"VCM","R157.2","VCM","electrode bias return"
"CH078_N_ELECTRODE","J5.31","R414.1","subject electrode to series protection"
"CH078_N_MUX","R414.2","U10.17","protected signal to mux input"
"CH078_N_MUX","R158.1","U10.17","10M bias tap"
"VCM","R158.2","VCM","electrode bias return"
"CH079_P_ELECTRODE","J5.16","R415.1","subject electrode to series protection"
"CH079_P_MUX","R415.2","U9.16","protected signal to mux input"
"CH079_P_MUX","R159.1","U9.16","10M bias tap"
"VCM","R159.2","VCM","electrode bias return"
"CH079_N_ELECTRODE","J5.32","R416.1","subject electrode to series protection"
"CH079_N_MUX","R416.2","U10.16","protected signal to mux input"
"CH079_N_MUX","R160.1","U10.16","10M bias tap"
"VCM","R160.2","VCM","electrode bias return"
"BANK4_P_MUX_OUT","U9.1","U19.3","mux common to voltage follower"
"BANK4_P_BUFFER","U19.1","U19.2","unity follower feedback"
"BANK4_P_BUFFER","U19.1","R521.1","buffer output to ADC isolation resistor"
"ADC4_P","R521.2","U21.5","ADS131M08 differential input"
"BANK4_N_MUX_OUT","U10.1","U19.5","mux common to voltage follower"
"BANK4_N_BUFFER","U19.7","U19.6","unity follower feedback"
"BANK4_N_BUFFER","U19.7","R522.1","buffer output to ADC isolation resistor"
"ADC4_N","R522.2","U21.6","ADS131M08 differential input"
"CH080_P_ELECTRODE","J6.1","R417.1","subject electrode to series protection"
"CH080_P_MUX","R417.2","U11.9","protected signal to mux input"
"CH080_P_MUX","R161.1","U11.9","10M bias tap"
"VCM","R161.2","VCM","electrode bias return"
"CH080_N_ELECTRODE","J6.17","R418.1","subject electrode to series protection"
"CH080_N_MUX","R418.2","U12.9","protected signal to mux input"
"CH080_N_MUX","R162.1","U12.9","10M bias tap"
"VCM","R162.2","VCM","electrode bias return"
"CH081_P_ELECTRODE","J6.2","R419.1","subject electrode to series protection"
"CH081_P_MUX","R419.2","U11.8","protected signal to mux input"
"CH081_P_MUX","R163.1","U11.8","10M bias tap"
"VCM","R163.2","VCM","electrode bias return"
"CH081_N_ELECTRODE","J6.18","R420.1","subject electrode to series protection"
"CH081_N_MUX","R420.2","U12.8","protected signal to mux input"
"CH081_N_MUX","R164.1","U12.8","10M bias tap"
"VCM","R164.2","VCM","electrode bias return"
"CH082_P_ELECTRODE","J6.3","R421.1","subject electrode to series protection"
"CH082_P_MUX","R421.2","U11.7","protected signal to mux input"
"CH082_P_MUX","R165.1","U11.7","10M bias tap"
"VCM","R165.2","VCM","electrode bias return"
"CH082_N_ELECTRODE","J6.19","R422.1","subject electrode to series protection"
"CH082_N_MUX","R422.2","U12.7","protected signal to mux input"
"CH082_N_MUX","R166.1","U12.7","10M bias tap"
"VCM","R166.2","VCM","electrode bias return"
"CH083_P_ELECTRODE","J6.4","R423.1","subject electrode to series protection"
"CH083_P_MUX","R423.2","U11.6","protected signal to mux input"
"CH083_P_MUX","R167.1","U11.6","10M bias tap"
"VCM","R167.2","VCM","electrode bias return"
"CH083_N_ELECTRODE","J6.20","R424.1","subject electrode to series protection"
"CH083_N_MUX","R424.2","U12.6","protected signal to mux input"
"CH083_N_MUX","R168.1","U12.6","10M bias tap"
"VCM","R168.2","VCM","electrode bias return"
"CH084_P_ELECTRODE","J6.5","R425.1","subject electrode to series protection"
"CH084_P_MUX","R425.2","U11.5","protected signal to mux input"
"CH084_P_MUX","R169.1","U11.5","10M bias tap"
"VCM","R169.2","VCM","electrode bias return"
"CH084_N_ELECTRODE","J6.21","R426.1","subject electrode to series protection"
"CH084_N_MUX","R426.2","U12.5","protected signal to mux input"
"CH084_N_MUX","R170.1","U12.5","10M bias tap"
"VCM","R170.2","VCM","electrode bias return"
"CH085_P_ELECTRODE","J6.6","R427.1","subject electrode to series protection"
"CH085_P_MUX","R427.2","U11.4","protected signal to mux input"
"CH085_P_MUX","R171.1","U11.4","10M bias tap"
"VCM","R171.2","VCM","electrode bias return"
"CH085_N_ELECTRODE","J6.22","R428.1","subject electrode to series protection"
"CH085_N_MUX","R428.2","U12.4","protected signal to mux input"
"CH085_N_MUX","R172.1","U12.4","10M bias tap"
"VCM","R172.2","VCM","electrode bias return"
"CH086_P_ELECTRODE","J6.7","R429.1","subject electrode to series protection"
"CH086_P_MUX","R429.2","U11.3","protected signal to mux input"
"CH086_P_MUX","R173.1","U11.3","10M bias tap"
"VCM","R173.2","VCM","electrode bias return"
"CH086_N_ELECTRODE","J6.23","R430.1","subject electrode to series protection"
"CH086_N_MUX","R430.2","U12.3","protected signal to mux input"
"CH086_N_MUX","R174.1","U12.3","10M bias tap"
"VCM","R174.2","VCM","electrode bias return"
"CH087_P_ELECTRODE","J6.8","R431.1","subject electrode to series protection"
"CH087_P_MUX","R431.2","U11.2","protected signal to mux input"
"CH087_P_MUX","R175.1","U11.2","10M bias tap"
"VCM","R175.2","VCM","electrode bias return"
"CH087_N_ELECTRODE","J6.24","R432.1","subject electrode to series protection"
"CH087_N_MUX","R432.2","U12.2","protected signal to mux input"
"CH087_N_MUX","R176.1","U12.2","10M bias tap"
"VCM","R176.2","VCM","electrode bias return"
"CH088_P_ELECTRODE","J6.9","R433.1","subject electrode to series protection"
"CH088_P_MUX","R433.2","U11.23","protected signal to mux input"
"CH088_P_MUX","R177.1","U11.23","10M bias tap"
"VCM","R177.2","VCM","electrode bias return"
"CH088_N_ELECTRODE","J6.25","R434.1","subject electrode to series protection"
"CH088_N_MUX","R434.2","U12.23","protected signal to mux input"
"CH088_N_MUX","R178.1","U12.23","10M bias tap"
"VCM","R178.2","VCM","electrode bias return"
"CH089_P_ELECTRODE","J6.10","R435.1","subject electrode to series protection"
"CH089_P_MUX","R435.2","U11.22","protected signal to mux input"
"CH089_P_MUX","R179.1","U11.22","10M bias tap"
"VCM","R179.2","VCM","electrode bias return"
"CH089_N_ELECTRODE","J6.26","R436.1","subject electrode to series protection"
"CH089_N_MUX","R436.2","U12.22","protected signal to mux input"
"CH089_N_MUX","R180.1","U12.22","10M bias tap"
"VCM","R180.2","VCM","electrode bias return"
"CH090_P_ELECTRODE","J6.11","R437.1","subject electrode to series protection"
"CH090_P_MUX","R437.2","U11.21","protected signal to mux input"
"CH090_P_MUX","R181.1","U11.21","10M bias tap"
"VCM","R181.2","VCM","electrode bias return"
"CH090_N_ELECTRODE","J6.27","R438.1","subject electrode to series protection"
"CH090_N_MUX","R438.2","U12.21","protected signal to mux input"
"CH090_N_MUX","R182.1","U12.21","10M bias tap"
"VCM","R182.2","VCM","electrode bias return"
"CH091_P_ELECTRODE","J6.12","R439.1","subject electrode to series protection"
"CH091_P_MUX","R439.2","U11.20","protected signal to mux input"
"CH091_P_MUX","R183.1","U11.20","10M bias tap"
"VCM","R183.2","VCM","electrode bias return"
"CH091_N_ELECTRODE","J6.28","R440.1","subject electrode to series protection"
"CH091_N_MUX","R440.2","U12.20","protected signal to mux input"
"CH091_N_MUX","R184.1","U12.20","10M bias tap"
"VCM","R184.2","VCM","electrode bias return"
"CH092_P_ELECTRODE","J6.13","R441.1","subject electrode to series protection"
"CH092_P_MUX","R441.2","U11.19","protected signal to mux input"
"CH092_P_MUX","R185.1","U11.19","10M bias tap"
"VCM","R185.2","VCM","electrode bias return"
"CH092_N_ELECTRODE","J6.29","R442.1","subject electrode to series protection"
"CH092_N_MUX","R442.2","U12.19","protected signal to mux input"
"CH092_N_MUX","R186.1","U12.19","10M bias tap"
"VCM","R186.2","VCM","electrode bias return"
"CH093_P_ELECTRODE","J6.14","R443.1","subject electrode to series protection"
"CH093_P_MUX","R443.2","U11.18","protected signal to mux input"
"CH093_P_MUX","R187.1","U11.18","10M bias tap"
"VCM","R187.2","VCM","electrode bias return"
"CH093_N_ELECTRODE","J6.30","R444.1","subject electrode to series protection"
"CH093_N_MUX","R444.2","U12.18","protected signal to mux input"
"CH093_N_MUX","R188.1","U12.18","10M bias tap"
"VCM","R188.2","VCM","electrode bias return"
"CH094_P_ELECTRODE","J6.15","R445.1","subject electrode to series protection"
"CH094_P_MUX","R445.2","U11.17","protected signal to mux input"
"CH094_P_MUX","R189.1","U11.17","10M bias tap"
"VCM","R189.2","VCM","electrode bias return"
"CH094_N_ELECTRODE","J6.31","R446.1","subject electrode to series protection"
"CH094_N_MUX","R446.2","U12.17","protected signal to mux input"
"CH094_N_MUX","R190.1","U12.17","10M bias tap"
"VCM","R190.2","VCM","electrode bias return"
"CH095_P_ELECTRODE","J6.16","R447.1","subject electrode to series protection"
"CH095_P_MUX","R447.2","U11.16","protected signal to mux input"
"CH095_P_MUX","R191.1","U11.16","10M bias tap"
"VCM","R191.2","VCM","electrode bias return"
"CH095_N_ELECTRODE","J6.32","R448.1","subject electrode to series protection"
"CH095_N_MUX","R448.2","U12.16","protected signal to mux input"
"CH095_N_MUX","R192.1","U12.16","10M bias tap"
"VCM","R192.2","VCM","electrode bias return"
"BANK5_P_MUX_OUT","U11.1","U19.10","mux common to voltage follower"
"BANK5_P_BUFFER","U19.8","U19.9","unity follower feedback"
"BANK5_P_BUFFER","U19.8","R523.1","buffer output to ADC isolation resistor"
"ADC5_P","R523.2","U21.8","ADS131M08 differential input"
"BANK5_N_MUX_OUT","U12.1","U19.12","mux common to voltage follower"
"BANK5_N_BUFFER","U19.14","U19.13","unity follower feedback"
"BANK5_N_BUFFER","U19.14","R524.1","buffer output to ADC isolation resistor"
"ADC5_N","R524.2","U21.7","ADS131M08 differential input"
"CH096_P_ELECTRODE","J7.1","R449.1","subject electrode to series protection"
"CH096_P_MUX","R449.2","U13.9","protected signal to mux input"
"CH096_P_MUX","R193.1","U13.9","10M bias tap"
"VCM","R193.2","VCM","electrode bias return"
"CH096_N_ELECTRODE","J7.17","R450.1","subject electrode to series protection"
"CH096_N_MUX","R450.2","U14.9","protected signal to mux input"
"CH096_N_MUX","R194.1","U14.9","10M bias tap"
"VCM","R194.2","VCM","electrode bias return"
"CH097_P_ELECTRODE","J7.2","R451.1","subject electrode to series protection"
"CH097_P_MUX","R451.2","U13.8","protected signal to mux input"
"CH097_P_MUX","R195.1","U13.8","10M bias tap"
"VCM","R195.2","VCM","electrode bias return"
"CH097_N_ELECTRODE","J7.18","R452.1","subject electrode to series protection"
"CH097_N_MUX","R452.2","U14.8","protected signal to mux input"
"CH097_N_MUX","R196.1","U14.8","10M bias tap"
"VCM","R196.2","VCM","electrode bias return"
"CH098_P_ELECTRODE","J7.3","R453.1","subject electrode to series protection"
"CH098_P_MUX","R453.2","U13.7","protected signal to mux input"
"CH098_P_MUX","R197.1","U13.7","10M bias tap"
"VCM","R197.2","VCM","electrode bias return"
"CH098_N_ELECTRODE","J7.19","R454.1","subject electrode to series protection"
"CH098_N_MUX","R454.2","U14.7","protected signal to mux input"
"CH098_N_MUX","R198.1","U14.7","10M bias tap"
"VCM","R198.2","VCM","electrode bias return"
"CH099_P_ELECTRODE","J7.4","R455.1","subject electrode to series protection"
"CH099_P_MUX","R455.2","U13.6","protected signal to mux input"
"CH099_P_MUX","R199.1","U13.6","10M bias tap"
"VCM","R199.2","VCM","electrode bias return"
"CH099_N_ELECTRODE","J7.20","R456.1","subject electrode to series protection"
"CH099_N_MUX","R456.2","U14.6","protected signal to mux input"
"CH099_N_MUX","R200.1","U14.6","10M bias tap"
"VCM","R200.2","VCM","electrode bias return"
"CH100_P_ELECTRODE","J7.5","R457.1","subject electrode to series protection"
"CH100_P_MUX","R457.2","U13.5","protected signal to mux input"
"CH100_P_MUX","R201.1","U13.5","10M bias tap"
"VCM","R201.2","VCM","electrode bias return"
"CH100_N_ELECTRODE","J7.21","R458.1","subject electrode to series protection"
"CH100_N_MUX","R458.2","U14.5","protected signal to mux input"
"CH100_N_MUX","R202.1","U14.5","10M bias tap"
"VCM","R202.2","VCM","electrode bias return"
"CH101_P_ELECTRODE","J7.6","R459.1","subject electrode to series protection"
"CH101_P_MUX","R459.2","U13.4","protected signal to mux input"
"CH101_P_MUX","R203.1","U13.4","10M bias tap"
"VCM","R203.2","VCM","electrode bias return"
"CH101_N_ELECTRODE","J7.22","R460.1","subject electrode to series protection"
"CH101_N_MUX","R460.2","U14.4","protected signal to mux input"
"CH101_N_MUX","R204.1","U14.4","10M bias tap"
"VCM","R204.2","VCM","electrode bias return"
"CH102_P_ELECTRODE","J7.7","R461.1","subject electrode to series protection"
"CH102_P_MUX","R461.2","U13.3","protected signal to mux input"
"CH102_P_MUX","R205.1","U13.3","10M bias tap"
"VCM","R205.2","VCM","electrode bias return"
"CH102_N_ELECTRODE","J7.23","R462.1","subject electrode to series protection"
"CH102_N_MUX","R462.2","U14.3","protected signal to mux input"
"CH102_N_MUX","R206.1","U14.3","10M bias tap"
"VCM","R206.2","VCM","electrode bias return"
"CH103_P_ELECTRODE","J7.8","R463.1","subject electrode to series protection"
"CH103_P_MUX","R463.2","U13.2","protected signal to mux input"
"CH103_P_MUX","R207.1","U13.2","10M bias tap"
"VCM","R207.2","VCM","electrode bias return"
"CH103_N_ELECTRODE","J7.24","R464.1","subject electrode to series protection"
"CH103_N_MUX","R464.2","U14.2","protected signal to mux input"
"CH103_N_MUX","R208.1","U14.2","10M bias tap"
"VCM","R208.2","VCM","electrode bias return"
"CH104_P_ELECTRODE","J7.9","R465.1","subject electrode to series protection"
"CH104_P_MUX","R465.2","U13.23","protected signal to mux input"
"CH104_P_MUX","R209.1","U13.23","10M bias tap"
"VCM","R209.2","VCM","electrode bias return"
"CH104_N_ELECTRODE","J7.25","R466.1","subject electrode to series protection"
"CH104_N_MUX","R466.2","U14.23","protected signal to mux input"
"CH104_N_MUX","R210.1","U14.23","10M bias tap"
"VCM","R210.2","VCM","electrode bias return"
"CH105_P_ELECTRODE","J7.10","R467.1","subject electrode to series protection"
"CH105_P_MUX","R467.2","U13.22","protected signal to mux input"
"CH105_P_MUX","R211.1","U13.22","10M bias tap"
"VCM","R211.2","VCM","electrode bias return"
"CH105_N_ELECTRODE","J7.26","R468.1","subject electrode to series protection"
"CH105_N_MUX","R468.2","U14.22","protected signal to mux input"
"CH105_N_MUX","R212.1","U14.22","10M bias tap"
"VCM","R212.2","VCM","electrode bias return"
"CH106_P_ELECTRODE","J7.11","R469.1","subject electrode to series protection"
"CH106_P_MUX","R469.2","U13.21","protected signal to mux input"
"CH106_P_MUX","R213.1","U13.21","10M bias tap"
"VCM","R213.2","VCM","electrode bias return"
"CH106_N_ELECTRODE","J7.27","R470.1","subject electrode to series protection"
"CH106_N_MUX","R470.2","U14.21","protected signal to mux input"
"CH106_N_MUX","R214.1","U14.21","10M bias tap"
"VCM","R214.2","VCM","electrode bias return"
"CH107_P_ELECTRODE","J7.12","R471.1","subject electrode to series protection"
"CH107_P_MUX","R471.2","U13.20","protected signal to mux input"
"CH107_P_MUX","R215.1","U13.20","10M bias tap"
"VCM","R215.2","VCM","electrode bias return"
"CH107_N_ELECTRODE","J7.28","R472.1","subject electrode to series protection"
"CH107_N_MUX","R472.2","U14.20","protected signal to mux input"
"CH107_N_MUX","R216.1","U14.20","10M bias tap"
"VCM","R216.2","VCM","electrode bias return"
"CH108_P_ELECTRODE","J7.13","R473.1","subject electrode to series protection"
"CH108_P_MUX","R473.2","U13.19","protected signal to mux input"
"CH108_P_MUX","R217.1","U13.19","10M bias tap"
"VCM","R217.2","VCM","electrode bias return"
"CH108_N_ELECTRODE","J7.29","R474.1","subject electrode to series protection"
"CH108_N_MUX","R474.2","U14.19","protected signal to mux input"
"CH108_N_MUX","R218.1","U14.19","10M bias tap"
"VCM","R218.2","VCM","electrode bias return"
"CH109_P_ELECTRODE","J7.14","R475.1","subject electrode to series protection"
"CH109_P_MUX","R475.2","U13.18","protected signal to mux input"
"CH109_P_MUX","R219.1","U13.18","10M bias tap"
"VCM","R219.2","VCM","electrode bias return"
"CH109_N_ELECTRODE","J7.30","R476.1","subject electrode to series protection"
"CH109_N_MUX","R476.2","U14.18","protected signal to mux input"
"CH109_N_MUX","R220.1","U14.18","10M bias tap"
"VCM","R220.2","VCM","electrode bias return"
"CH110_P_ELECTRODE","J7.15","R477.1","subject electrode to series protection"
"CH110_P_MUX","R477.2","U13.17","protected signal to mux input"
"CH110_P_MUX","R221.1","U13.17","10M bias tap"
"VCM","R221.2","VCM","electrode bias return"
"CH110_N_ELECTRODE","J7.31","R478.1","subject electrode to series protection"
"CH110_N_MUX","R478.2","U14.17","protected signal to mux input"
"CH110_N_MUX","R222.1","U14.17","10M bias tap"
"VCM","R222.2","VCM","electrode bias return"
"CH111_P_ELECTRODE","J7.16","R479.1","subject electrode to series protection"
"CH111_P_MUX","R479.2","U13.16","protected signal to mux input"
"CH111_P_MUX","R223.1","U13.16","10M bias tap"
"VCM","R223.2","VCM","electrode bias return"
"CH111_N_ELECTRODE","J7.32","R480.1","subject electrode to series protection"
"CH111_N_MUX","R480.2","U14.16","protected signal to mux input"
"CH111_N_MUX","R224.1","U14.16","10M bias tap"
"VCM","R224.2","VCM","electrode bias return"
"BANK6_P_MUX_OUT","U13.1","U20.3","mux common to voltage follower"
"BANK6_P_BUFFER","U20.1","U20.2","unity follower feedback"
"BANK6_P_BUFFER","U20.1","R525.1","buffer output to ADC isolation resistor"
"ADC6_P","R525.2","U21.9","ADS131M08 differential input"
"BANK6_N_MUX_OUT","U14.1","U20.5","mux common to voltage follower"
"BANK6_N_BUFFER","U20.7","U20.6","unity follower feedback"
"BANK6_N_BUFFER","U20.7","R526.1","buffer output to ADC isolation resistor"
"ADC6_N","R526.2","U21.10","ADS131M08 differential input"
"CH112_P_ELECTRODE","J8.1","R481.1","subject electrode to series protection"
"CH112_P_MUX","R481.2","U15.9","protected signal to mux input"
"CH112_P_MUX","R225.1","U15.9","10M bias tap"
"VCM","R225.2","VCM","electrode bias return"
"CH112_N_ELECTRODE","J8.17","R482.1","subject electrode to series protection"
"CH112_N_MUX","R482.2","U16.9","protected signal to mux input"
"CH112_N_MUX","R226.1","U16.9","10M bias tap"
"VCM","R226.2","VCM","electrode bias return"
"CH113_P_ELECTRODE","J8.2","R483.1","subject electrode to series protection"
"CH113_P_MUX","R483.2","U15.8","protected signal to mux input"
"CH113_P_MUX","R227.1","U15.8","10M bias tap"
"VCM","R227.2","VCM","electrode bias return"
"CH113_N_ELECTRODE","J8.18","R484.1","subject electrode to series protection"
"CH113_N_MUX","R484.2","U16.8","protected signal to mux input"
"CH113_N_MUX","R228.1","U16.8","10M bias tap"
"VCM","R228.2","VCM","electrode bias return"
"CH114_P_ELECTRODE","J8.3","R485.1","subject electrode to series protection"
"CH114_P_MUX","R485.2","U15.7","protected signal to mux input"
"CH114_P_MUX","R229.1","U15.7","10M bias tap"
"VCM","R229.2","VCM","electrode bias return"
"CH114_N_ELECTRODE","J8.19","R486.1","subject electrode to series protection"
"CH114_N_MUX","R486.2","U16.7","protected signal to mux input"
"CH114_N_MUX","R230.1","U16.7","10M bias tap"
"VCM","R230.2","VCM","electrode bias return"
"CH115_P_ELECTRODE","J8.4","R487.1","subject electrode to series protection"
"CH115_P_MUX","R487.2","U15.6","protected signal to mux input"
"CH115_P_MUX","R231.1","U15.6","10M bias tap"
"VCM","R231.2","VCM","electrode bias return"
"CH115_N_ELECTRODE","J8.20","R488.1","subject electrode to series protection"
"CH115_N_MUX","R488.2","U16.6","protected signal to mux input"
"CH115_N_MUX","R232.1","U16.6","10M bias tap"
"VCM","R232.2","VCM","electrode bias return"
"CH116_P_ELECTRODE","J8.5","R489.1","subject electrode to series protection"
"CH116_P_MUX","R489.2","U15.5","protected signal to mux input"
"CH116_P_MUX","R233.1","U15.5","10M bias tap"
"VCM","R233.2","VCM","electrode bias return"
"CH116_N_ELECTRODE","J8.21","R490.1","subject electrode to series protection"
"CH116_N_MUX","R490.2","U16.5","protected signal to mux input"
"CH116_N_MUX","R234.1","U16.5","10M bias tap"
"VCM","R234.2","VCM","electrode bias return"
"CH117_P_ELECTRODE","J8.6","R491.1","subject electrode to series protection"
"CH117_P_MUX","R491.2","U15.4","protected signal to mux input"
"CH117_P_MUX","R235.1","U15.4","10M bias tap"
"VCM","R235.2","VCM","electrode bias return"
"CH117_N_ELECTRODE","J8.22","R492.1","subject electrode to series protection"
"CH117_N_MUX","R492.2","U16.4","protected signal to mux input"
"CH117_N_MUX","R236.1","U16.4","10M bias tap"
"VCM","R236.2","VCM","electrode bias return"
"CH118_P_ELECTRODE","J8.7","R493.1","subject electrode to series protection"
"CH118_P_MUX","R493.2","U15.3","protected signal to mux input"
"CH118_P_MUX","R237.1","U15.3","10M bias tap"
"VCM","R237.2","VCM","electrode bias return"
"CH118_N_ELECTRODE","J8.23","R494.1","subject electrode to series protection"
"CH118_N_MUX","R494.2","U16.3","protected signal to mux input"
"CH118_N_MUX","R238.1","U16.3","10M bias tap"
"VCM","R238.2","VCM","electrode bias return"
"CH119_P_ELECTRODE","J8.8","R495.1","subject electrode to series protection"
"CH119_P_MUX","R495.2","U15.2","protected signal to mux input"
"CH119_P_MUX","R239.1","U15.2","10M bias tap"
"VCM","R239.2","VCM","electrode bias return"
"CH119_N_ELECTRODE","J8.24","R496.1","subject electrode to series protection"
"CH119_N_MUX","R496.2","U16.2","protected signal to mux input"
"CH119_N_MUX","R240.1","U16.2","10M bias tap"
"VCM","R240.2","VCM","electrode bias return"
"CH120_P_ELECTRODE","J8.9","R497.1","subject electrode to series protection"
"CH120_P_MUX","R497.2","U15.23","protected signal to mux input"
"CH120_P_MUX","R241.1","U15.23","10M bias tap"
"VCM","R241.2","VCM","electrode bias return"
"CH120_N_ELECTRODE","J8.25","R498.1","subject electrode to series protection"
"CH120_N_MUX","R498.2","U16.23","protected signal to mux input"
"CH120_N_MUX","R242.1","U16.23","10M bias tap"
"VCM","R242.2","VCM","electrode bias return"
"CH121_P_ELECTRODE","J8.10","R499.1","subject electrode to series protection"
"CH121_P_MUX","R499.2","U15.22","protected signal to mux input"
"CH121_P_MUX","R243.1","U15.22","10M bias tap"
"VCM","R243.2","VCM","electrode bias return"
"CH121_N_ELECTRODE","J8.26","R500.1","subject electrode to series protection"
"CH121_N_MUX","R500.2","U16.22","protected signal to mux input"
"CH121_N_MUX","R244.1","U16.22","10M bias tap"
"VCM","R244.2","VCM","electrode bias return"
"CH122_P_ELECTRODE","J8.11","R501.1","subject electrode to series protection"
"CH122_P_MUX","R501.2","U15.21","protected signal to mux input"
"CH122_P_MUX","R245.1","U15.21","10M bias tap"
"VCM","R245.2","VCM","electrode bias return"
"CH122_N_ELECTRODE","J8.27","R502.1","subject electrode to series protection"
"CH122_N_MUX","R502.2","U16.21","protected signal to mux input"
"CH122_N_MUX","R246.1","U16.21","10M bias tap"
"VCM","R246.2","VCM","electrode bias return"
"CH123_P_ELECTRODE","J8.12","R503.1","subject electrode to series protection"
"CH123_P_MUX","R503.2","U15.20","protected signal to mux input"
"CH123_P_MUX","R247.1","U15.20","10M bias tap"
"VCM","R247.2","VCM","electrode bias return"
"CH123_N_ELECTRODE","J8.28","R504.1","subject electrode to series protection"
"CH123_N_MUX","R504.2","U16.20","protected signal to mux input"
"CH123_N_MUX","R248.1","U16.20","10M bias tap"
"VCM","R248.2","VCM","electrode bias return"
"CH124_P_ELECTRODE","J8.13","R505.1","subject electrode to series protection"
"CH124_P_MUX","R505.2","U15.19","protected signal to mux input"
"CH124_P_MUX","R249.1","U15.19","10M bias tap"
"VCM","R249.2","VCM","electrode bias return"
"CH124_N_ELECTRODE","J8.29","R506.1","subject electrode to series protection"
"CH124_N_MUX","R506.2","U16.19","protected signal to mux input"
"CH124_N_MUX","R250.1","U16.19","10M bias tap"
"VCM","R250.2","VCM","electrode bias return"
"CH125_P_ELECTRODE","J8.14","R507.1","subject electrode to series protection"
"CH125_P_MUX","R507.2","U15.18","protected signal to mux input"
"CH125_P_MUX","R251.1","U15.18","10M bias tap"
"VCM","R251.2","VCM","electrode bias return"
"CH125_N_ELECTRODE","J8.30","R508.1","subject electrode to series protection"
"CH125_N_MUX","R508.2","U16.18","protected signal to mux input"
"CH125_N_MUX","R252.1","U16.18","10M bias tap"
"VCM","R252.2","VCM","electrode bias return"
"CH126_P_ELECTRODE","J8.15","R509.1","subject electrode to series protection"
"CH126_P_MUX","R509.2","U15.17","protected signal to mux input"
"CH126_P_MUX","R253.1","U15.17","10M bias tap"
"VCM","R253.2","VCM","electrode bias return"
"CH126_N_ELECTRODE","J8.31","R510.1","subject electrode to series protection"
"CH126_N_MUX","R510.2","U16.17","protected signal to mux input"
"CH126_N_MUX","R254.1","U16.17","10M bias tap"
"VCM","R254.2","VCM","electrode bias return"
"CH127_P_ELECTRODE","J8.16","R511.1","subject electrode to series protection"
"CH127_P_MUX","R511.2","U15.16","protected signal to mux input"
"CH127_P_MUX","R255.1","U15.16","10M bias tap"
"VCM","R255.2","VCM","electrode bias return"
"CH127_N_ELECTRODE","J8.32","R512.1","subject electrode to series protection"
"CH127_N_MUX","R512.2","U16.16","protected signal to mux input"
"CH127_N_MUX","R256.1","U16.16","10M bias tap"
"VCM","R256.2","VCM","electrode bias return"
"BANK7_P_MUX_OUT","U15.1","U20.10","mux common to voltage follower"
"BANK7_P_BUFFER","U20.8","U20.9","unity follower feedback"
"BANK7_P_BUFFER","U20.8","R527.1","buffer output to ADC isolation resistor"
"ADC7_P","R527.2","U21.12","ADS131M08 differential input"
"BANK7_N_MUX_OUT","U16.1","U20.12","mux common to voltage follower"
"BANK7_N_BUFFER","U20.14","U20.13","unity follower feedback"
"BANK7_N_BUFFER","U20.14","R528.1","buffer output to ADC isolation resistor"
"ADC7_N","R528.2","U21.11","ADS131M08 differential input"
"MUX_S0","U1.10","U23.4","shared mux address GPIO2"
"MUX_S1","U1.11","U23.5","shared mux address GPIO3"
"MUX_S2","U1.14","U23.6","shared mux address GPIO4"
"MUX_S3","U1.13","U23.7","shared mux address GPIO5"
"MUX_EN","U1.15","U23.8","shared mux enable GPIO6"
"AGND","U1.12","AGND","mux ground"
"3V3A","U1.24","3V3A","mux analog supply"
"MUX_S0","U2.10","U23.4","shared mux address GPIO2"
"MUX_S1","U2.11","U23.5","shared mux address GPIO3"
"MUX_S2","U2.14","U23.6","shared mux address GPIO4"
"MUX_S3","U2.13","U23.7","shared mux address GPIO5"
"MUX_EN","U2.15","U23.8","shared mux enable GPIO6"
"AGND","U2.12","AGND","mux ground"
"3V3A","U2.24","3V3A","mux analog supply"
"MUX_S0","U3.10","U23.4","shared mux address GPIO2"
"MUX_S1","U3.11","U23.5","shared mux address GPIO3"
"MUX_S2","U3.14","U23.6","shared mux address GPIO4"
"MUX_S3","U3.13","U23.7","shared mux address GPIO5"
"MUX_EN","U3.15","U23.8","shared mux enable GPIO6"
"AGND","U3.12","AGND","mux ground"
"3V3A","U3.24","3V3A","mux analog supply"
"MUX_S0","U4.10","U23.4","shared mux address GPIO2"
"MUX_S1","U4.11","U23.5","shared mux address GPIO3"
"MUX_S2","U4.14","U23.6","shared mux address GPIO4"
"MUX_S3","U4.13","U23.7","shared mux address GPIO5"
"MUX_EN","U4.15","U23.8","shared mux enable GPIO6"
"AGND","U4.12","AGND","mux ground"
"3V3A","U4.24","3V3A","mux analog supply"
"MUX_S0","U5.10","U23.4","shared mux address GPIO2"
"MUX_S1","U5.11","U23.5","shared mux address GPIO3"
"MUX_S2","U5.14","U23.6","shared mux address GPIO4"
"MUX_S3","U5.13","U23.7","shared mux address GPIO5"
"MUX_EN","U5.15","U23.8","shared mux enable GPIO6"
"AGND","U5.12","AGND","mux ground"
"3V3A","U5.24","3V3A","mux analog supply"
"MUX_S0","U6.10","U23.4","shared mux address GPIO2"
"MUX_S1","U6.11","U23.5","shared mux address GPIO3"
"MUX_S2","U6.14","U23.6","shared mux address GPIO4"
"MUX_S3","U6.13","U23.7","shared mux address GPIO5"
"MUX_EN","U6.15","U23.8","shared mux enable GPIO6"
"AGND","U6.12","AGND","mux ground"
"3V3A","U6.24","3V3A","mux analog supply"
"MUX_S0","U7.10","U23.4","shared mux address GPIO2"
"MUX_S1","U7.11","U23.5","shared mux address GPIO3"
"MUX_S2","U7.14","U23.6","shared mux address GPIO4"
"MUX_S3","U7.13","U23.7","shared mux address GPIO5"
"MUX_EN","U7.15","U23.8","shared mux enable GPIO6"
"AGND","U7.12","AGND","mux ground"
"3V3A","U7.24","3V3A","mux analog supply"
"MUX_S0","U8.10","U23.4","shared mux address GPIO2"
"MUX_S1","U8.11","U23.5","shared mux address GPIO3"
"MUX_S2","U8.14","U23.6","shared mux address GPIO4"
"MUX_S3","U8.13","U23.7","shared mux address GPIO5"
"MUX_EN","U8.15","U23.8","shared mux enable GPIO6"
"AGND","U8.12","AGND","mux ground"
"3V3A","U8.24","3V3A","mux analog supply"
"MUX_S0","U9.10","U23.4","shared mux address GPIO2"
"MUX_S1","U9.11","U23.5","shared mux address GPIO3"
"MUX_S2","U9.14","U23.6","shared mux address GPIO4"
"MUX_S3","U9.13","U23.7","shared mux address GPIO5"
"MUX_EN","U9.15","U23.8","shared mux enable GPIO6"
"AGND","U9.12","AGND","mux ground"
"3V3A","U9.24","3V3A","mux analog supply"
"MUX_S0","U10.10","U23.4","shared mux address GPIO2"
"MUX_S1","U10.11","U23.5","shared mux address GPIO3"
"MUX_S2","U10.14","U23.6","shared mux address GPIO4"
"MUX_S3","U10.13","U23.7","shared mux address GPIO5"
"MUX_EN","U10.15","U23.8","shared mux enable GPIO6"
"AGND","U10.12","AGND","mux ground"
"3V3A","U10.24","3V3A","mux analog supply"
"MUX_S0","U11.10","U23.4","shared mux address GPIO2"
"MUX_S1","U11.11","U23.5","shared mux address GPIO3"
"MUX_S2","U11.14","U23.6","shared mux address GPIO4"
"MUX_S3","U11.13","U23.7","shared mux address GPIO5"
"MUX_EN","U11.15","U23.8","shared mux enable GPIO6"
"AGND","U11.12","AGND","mux ground"
"3V3A","U11.24","3V3A","mux analog supply"
"MUX_S0","U12.10","U23.4","shared mux address GPIO2"
"MUX_S1","U12.11","U23.5","shared mux address GPIO3"
"MUX_S2","U12.14","U23.6","shared mux address GPIO4"
"MUX_S3","U12.13","U23.7","shared mux address GPIO5"
"MUX_EN","U12.15","U23.8","shared mux enable GPIO6"
"AGND","U12.12","AGND","mux ground"
"3V3A","U12.24","3V3A","mux analog supply"
"MUX_S0","U13.10","U23.4","shared mux address GPIO2"
"MUX_S1","U13.11","U23.5","shared mux address GPIO3"
"MUX_S2","U13.14","U23.6","shared mux address GPIO4"
"MUX_S3","U13.13","U23.7","shared mux address GPIO5"
"MUX_EN","U13.15","U23.8","shared mux enable GPIO6"
"AGND","U13.12","AGND","mux ground"
"3V3A","U13.24","3V3A","mux analog supply"
"MUX_S0","U14.10","U23.4","shared mux address GPIO2"
"MUX_S1","U14.11","U23.5","shared mux address GPIO3"
"MUX_S2","U14.14","U23.6","shared mux address GPIO4"
"MUX_S3","U14.13","U23.7","shared mux address GPIO5"
"MUX_EN","U14.15","U23.8","shared mux enable GPIO6"
"AGND","U14.12","AGND","mux ground"
"3V3A","U14.24","3V3A","mux analog supply"
"MUX_S0","U15.10","U23.4","shared mux address GPIO2"
"MUX_S1","U15.11","U23.5","shared mux address GPIO3"
"MUX_S2","U15.14","U23.6","shared mux address GPIO4"
"MUX_S3","U15.13","U23.7","shared mux address GPIO5"
"MUX_EN","U15.15","U23.8","shared mux enable GPIO6"
"AGND","U15.12","AGND","mux ground"
"3V3A","U15.24","3V3A","mux analog supply"
"MUX_S0","U16.10","U23.4","shared mux address GPIO2"
"MUX_S1","U16.11","U23.5","shared mux address GPIO3"
"MUX_S2","U16.14","U23.6","shared mux address GPIO4"
"MUX_S3","U16.13","U23.7","shared mux address GPIO5"
"MUX_EN","U16.15","U23.8","shared mux enable GPIO6"
"AGND","U16.12","AGND","mux ground"
"3V3A","U16.24","3V3A","mux analog supply"
"3V3A","U17.4","3V3A","buffer supply"
"AGND","U17.11","AGND","buffer ground"
"3V3A","U18.4","3V3A","buffer supply"
"AGND","U18.11","AGND","buffer ground"
"3V3A","U19.4","3V3A","buffer supply"
"AGND","U19.11","AGND","buffer ground"
"3V3A","U20.4","3V3A","buffer supply"
"AGND","U20.11","AGND","buffer ground"
"ADC_SCLK","U21.19","U23.13","SPI1 SCK GPIO10"
"ADC_DIN","U21.21","U23.14","SPI1 TX/MOSI GPIO11"
"ADC_DOUT","U21.20","U23.11","SPI1 RX/MISO GPIO8"
"ADC_CS","U21.17","U23.12","SPI1 CS GPIO9"
"ADC_DRDY","U21.18","U23.15","GPIO12 interrupt"
"ADC_SYNC_RESET","U21.16","U23.16","GPIO13 sync/reset"
"ADC_CLKIN","U27.OUT","U21.23","8.192MHz CMOS clock"
"3V3A","U21.15","3V3A","ADS AVDD"
"AGND","U21.13","AGND","ADS AGND"
"AGND","U21.28","AGND","ADS AGND"
"3V3D","U21.26","3V3D","ADS DVDD"
"DGND","U21.25","DGND","ADS DGND"
"ADS_CAP","U21.24","C61.1","220nF CAP bypass"
"DGND","C61.2","DGND","ADS CAP return"
"ADC_REFIN","U21.14","NC","internal reference configuration; leave uncapacitated"
"3V3D","U27.VDD","3V3D","ADC oscillator supply"
"DGND","U27.GND","DGND","ADC oscillator ground"
"MUX_S0","U23.4","GPIO2","mux control"
"MUX_S1","U23.5","GPIO3","mux control"
"MUX_S2","U23.6","GPIO4","mux control"
"MUX_S3","U23.7","GPIO5","mux control"
"MUX_EN","U23.8","GPIO6","mux enable"
"USB_DM_IC","U23.46","R533.2","RP2040 USB DM"
"USB_DP_IC","U23.47","R534.2","RP2040 USB DP"
"USB_DM","R533.1","J9.DM","27R USB series"
"USB_DP","R534.1","J9.DP","27R USB series"
"5V_ISO","J9.VBUS","U25.IN","isolated USB-side supply only"
"5V_ISO","J11.1","U25.IN","isolated battery/data-domain supply"
"ISO_GND","J11.2","DGND","isolated supply return"
"5V_ISO","U24.IN","5V_ISO","analog LDO input"
"3V3A","U24.OUT","3V3A","analog 3.3V rail"
"5V_ISO","U25.IN","5V_ISO","digital LDO input"
"3V3D","U25.OUT","3V3D","digital 3.3V rail"
"3V3D","U23.1","3V3D","RP2040 IOVDD"
"3V3D","U23.10","3V3D","RP2040 IOVDD"
"3V3D","U23.22","3V3D","RP2040 IOVDD"
"3V3D","U23.33","3V3D","RP2040 IOVDD"
"3V3D","U23.42","3V3D","RP2040 IOVDD"
"3V3D","U23.49","3V3D","RP2040 IOVDD"
"3V3D","U23.43","3V3D","RP2040 ADC_AVDD"
"3V3D","U23.44","3V3D","RP2040 VREG_VIN"
"VREG_1V1","U23.45","U23.23","RP2040 VREG_OUT to DVDD"
"VREG_1V1","U23.45","U23.50","RP2040 VREG_OUT to DVDD"
"3V3D","U23.48","3V3D","RP2040 USB_VDD"
"DGND","U23.57","DGND","RP2040 exposed ground"
"XIN_12M","U23.20","Y1.1","RP2040 12MHz crystal"
"XOUT_12M","U23.21","Y1.3","RP2040 12MHz crystal"
"XIN_12M","C63.1","U23.20","crystal load"
"DGND","C63.2","DGND","crystal load return"
"XOUT_12M","C64.1","U23.21","crystal load"
"DGND","C64.2","DGND","crystal load return"
"3V3D","U26.VCC","3V3D","QSPI flash supply"
"DGND","U26.GND","DGND","QSPI flash ground"
"QSPI_SS","U26.CS","U23.56","RP2040 QSPI CS"
"QSPI_CLK","U26.CLK","U23.52","RP2040 QSPI clock"
"QSPI_SD0","U26.IO0","U23.51","RP2040 QSPI SD0"
"QSPI_SD1","U26.IO1","U23.55","RP2040 QSPI SD1"
"QSPI_SD2","U26.IO2","U23.54","RP2040 QSPI SD2"
"QSPI_SD3","U26.IO3","U23.53","RP2040 QSPI SD3"
"VCM_DIV_HI","R529.1","3V3A","VCM divider high"
"VCM_RAW","R529.2","R530.1","VCM divider midpoint"
"AGND","R530.2","AGND","VCM divider low"
"VCM_RAW","U22.IN1+","VCM_RAW","VCM buffer input"
"VCM","U22.OUT1","U22.IN1-","VCM buffer follower feedback"
"VCM","U22.OUT1","VCM","buffered common mode"
"CMS1","J10.1","U22.IN2+","common-mode sense 1"
"CMS1_BUF","U22.OUT2","U22.IN2-","CMS1 follower feedback"
"CMS2","J10.2","U22.IN3+","common-mode sense 2"
"CMS2_BUF","U22.OUT3","U22.IN3-","CMS2 follower feedback"
"CMS1_BUF","U22.OUT2","R531.1","DRL summing resistor"
"DRL_SUM","R531.2","U22.IN4-","DRL inverting input"
"CMS2_BUF","U22.OUT3","R532.1","DRL summing resistor"
"DRL_SUM","R532.2","U22.IN4-","DRL inverting input"
"VCM","U22.IN4+","VCM","DRL non-inverting reference"
"DRL_SUM","R537.1","U22.IN4-","DRL feedback"
"DRL_OP_OUT","R537.2","U22.OUT4","DRL feedback"
"DRL_SUM","C62.1","U22.IN4-","DRL compensation"
"DRL_OP_OUT","C62.2","U22.OUT4","DRL compensation"
"DRL_OP_OUT","U22.OUT4","R535.1","first patient-current limit"
"DRL_LIMITED_1","R535.2","R536.1","redundant patient-current limit"
"DRL","R536.2","J10.3","driven reference electrode"
"SHIELD","J10.4","SHIELD","cable shield; no subject contact"
"3V3A","U22.V+","3V3A","DRL op amp supply"
"AGND","U22.V-","AGND","DRL op amp ground"
